item_id,Bargain Hunter,Sourcing Pro,Auction Sniper,Luxury Buyer,Tech Pioneer,Persistent Analyst,Emotional Bidder,Habitual Buyer,Safety Focused,Budget Renovator
v1|147224862897|0,15,13,1,2,5,11,4,10,5,18
v1|358301845006|0,14,8,1,7,6,13,1,8,8,2
v1|397763160975|0,13,12,1,10,9,10,3,14,11,16
v1|389800399834|0,4,14,10,13,17,14,1,18,16,3
v1|227272479941|0,3,15,11,14,18,15,1,17,17,4
v1|286207021184|0,6,6,1,11,14,4,13,6,14,6
v1|366279952162|0,10,4,1,5,11,5,5,11,4,11
v1|377062534223|0,11,9,1,3,8,9,0,9,10,13
v1|358374498020|0,9,10,1,8,7,8,8,5,9,14
v1|267620123707|0,2,16,1,18,19,16,14,19,19,5
v1|358285282322|0,19,19,1,19,1,17,17,15,0,19
v1|389798553041|0,17,18,1,16,2,18,18,1,3,17
v1|366303373919|0,16,0,1,4,3,12,1,1,6,12
v1|358326060410|0,8,3,1,6,12,6,9,12,13,9
v1|177986005391|0,12,11,1,9,10,7,2,13,12,15
v1|137127185455|0,1,2,1,17,16,1,1,4,18,1
v1|156605156158|0,5,5,1,0,13,2,15,3,7,8
v1|286207021167|0,1,7,1,12,15,3,12,7,15,7
v1|236653236367|0,18,17,1,15,4,19,19,16,2,10
v1|197852630330|0,0,0,1,0,0,0,1,2,0,1
v1|327068066573|0,14,5,8,16,16,14,13,7,12,14
v1|267618823668|0,2,11,17,3,2,1,1,3,19,1
v1|366258768851|0,13,8,6,17,17,10,1,4,9,13
v1|377041228682|0,10,10,13,14,13,11,16,11,17,9
v1|117070061085|0,1,13,1,1,1,2,7,18,1,5
v1|227185580735|0,17,1,5,10,9,16,11,1,7,15
v1|267540386682|0,9,9,11,15,12,12,15,10,18,12
v1|157742738778|0,4,16,15,4,8,6,4,15,5,7
v1|336499845854|0,8,14,12,7,5,9,19,13,3,4
v1|146917191510|0,12,6,9,18,18,13,17,6,11,11
v1|227273824763|0,7,15,18,8,4,8,9,14,16,3
v1|157742738788|0,6,17,14,6,7,5,18,16,4,2
v1|267562122244|0,15,4,7,11,11,17,3,9,14,18
v1|127450343344|0,11,7,10,19,19,1,14,5,10,10
v1|198014444984|0,3,19,19,2,3,3,8,19,2,1
v1|267548702966|0,18,3,2,12,15,19,2,8,13,19
v1|157742738775|0,5,18,16,5,6,7,5,17,6,8
v1|117070059848|0,1,12,1,1,1,4,6,12,1,6
v1|327028444312|0,16,1,3,13,14,15,10,1,15,17
v1|227241693408|0,19,2,4,9,10,18,12,1,8,16
v1|397677363453|666012331714,17,18,13,18,8,11,10,16,12,7
v1|177330476186|0,0,9,19,19,11,8,4,2,9,1
v1|177556154298|0,1,10,7,9,10,10,6,3,10,1
v1|287234094456|0,4,6,8,6,6,7,1,4,2,4
v1|377064169482|0,3,8,9,8,9,9,1,6,1,3
v1|286420431960|588518625251,11,12,16,16,19,14,9,18,11,12
v1|317259362019|615816842404,15,13,14,15,16,19,14,14,18,11
v1|397703657999|666031702574,13,15,12,10,15,18,18,19,19,8
v1|397656083177|665996850177,19,17,11,13,18,12,15,1,13,14
v1|168104347711|467713853443,14,14,17,11,13,15,11,17,16,10
v1|317748964904|616330030789,12,11,15,17,14,17,19,13,17,9
v1|388999897213|656213924298,16,16,10,12,17,13,16,15,15,13
v1|267620618161|0,2,7,6,7,7,6,7,5,1,2
v1|283704852637|0,7,0,2,0,0,2,5,8,6,19
v1|296387135506|0,6,0,5,0,0,1,3,11,5,18
v1|286304871564|0,8,0,3,0,4,3,2,9,3,17
v1|265791537624|566498133946,5,0,4,0,0,1,8,7,4,5
v1|306832526727|0,10,0,1,0,5,4,12,1,7,15
v1|167872632043|467417437076,18,19,18,14,12,16,17,12,14,6
v1|286201917308|0,9,0,1,0,3,5,13,10,8,16
v1|168243623634|0,13,6,,,5,3,1,0,6,16
v1|236714436938|0,11,8,,,2,5,1,7,4,13
v1|116972880176|0,1,16,,,16,18,5,19,19,5
v1|206164936166|0,15,5,,,3,2,1,8,3,17
v1|188053503494|0,14,7,,,6,4,1,6,5,14
v1|358361427073|0,4,13,,,11,14,4,10,11,12
v1|265781335780|0,9,11,,,13,11,6,14,14,2
v1|355155268339|0,18,2,,,4,1,3,5,2,15
v1|198209278514|0,2,17,,,17,17,18,16,18,4
v1|357382237698|0,12,10,,,8,6,11,11,8,11
v1|267598043342|0,3,14,,,14,15,2,4,16,3
v1|177928140804|0,7,9,,,10,13,12,9,1,10
v1|327064550118|0,5,18,,,18,16,17,17,17,6
v1|137163608996|0,6,19,,,15,19,16,15,15,7
v1|266777382820|0,10,12,,,9,10,15,13,12,8
v1|266777392541|0,8,15,,,12,12,14,12,13,9
v1|206164986267|0,1,0,,,19,9,19,18,10,1
v1|318062625945|0,16,0,,,0,0,0,0,0,1
v1|318054609653|0,17,4,,,7,8,13,1,9,18
v1|317959841230|0,19,3,,,1,7,10,1,7,19
v1|257425659142|0,18,13,8,10,8,19,15,0,10,19
v1|147128563406|0,13,17,13,16,17,15,4,14,13,15
v1|298157775699|0,17,12,16,9,9,17,12,17,8,6
v1|287147725121|0,14,15,7,14,18,14,1,0,12,13
v1|147027290373|0,15,11,10,13,12,9,7,7,9,16
v1|389616788711|0,8,16,1,8,14,4,2,6,5,8
v1|127703036240|0,6,0,17,4,0,5,3,16,4,7
v1|127754402955|0,4,0,2,7,0,8,5,18,18,10
v1|317783063226|0,7,0,19,5,0,6,10,15,17,3
v1|206156287290|0,5,0,18,6,0,7,8,19,19,12
v1|236711351732|0,16,10,15,11,10,16,13,13,14,17
v1|317993246066|0,11,18,12,18,16,12,9,0,16,11
v1|336488111735|0,19,14,14,12,11,18,11,2,7,18
v1|397752167488|0,0,0,5,0,0,0,18,1,0,2
v1|397701881149|0,0,0,4,0,0,0,16,3,0,1
v1|397702389614|0,0,0,6,0,0,0,17,4,0,4
v1|366188239540|0,10,9,3,19,15,11,14,9,15,5
v1|147180639014|0,9,19,9,17,13,10,6,0,6,9
v1|257202789276|0,12,8,11,15,19,13,1,5,11,14
v1|284425074991|0,0,0,1,0,0,0,19,0,0,1
v1|227259146340|0,2,10,12,19,17,12,2,17,16,7
v1|388654021343|0,3,11,14,18,18,16,16,6,18,5
v1|206153926148|0,4,9,17,6,13,17,14,12,11,4
v1|116782435461|0,9,8,3,8,7,9,6,10,9,9
v1|167781336461|0,16,4,1,5,0,4,1,4,3,16
v1|388060040518|0,1,14,15,15,14,13,15,18,15,3
v1|187582824842|0,6,6,9,12,15,11,11,15,12,8
v1|126885374543|0,5,12,11,16,19,14,17,16,19,6
v1|205899333980|0,1,0,13,17,16,15,8,19,17,1
v1|205658206989|0,8,15,16,7,8,10,13,11,8,12
v1|167894131600|0,12,16,6,9,9,6,9,13,7,11
v1|177281928360|0,7,7,4,1,6,8,12,9,10,10
v1|406234870958|0,13,13,10,14,5,18,18,14,13,2
v1|376677249869|0,18,0,2,1,0,0,5,1,0,19
v1|406799087323|0,19,18,19,11,10,0,4,5,5,1
v1|195803434432|495656575216,15,5,8,4,0,5,3,3,4,15
v1|167879070923|0,11,17,5,10,11,7,10,8,6,13
v1|286954588121|0,10,19,18,13,12,19,19,7,14,1
v1|156249468479|0,17,2,1,2,0,0,7,1,1,18
v1|318012519567|0,14,3,7,3,0,3,1,2,2,17
v1|226871286432|0,,,,,,,,,,
v1|227168474018|0,,,,,,,,,,
v1|127772064870|0,,,,,,,,,,
v1|366010972007|0,,,,,,,,,,
v1|298159890936|0,,,,,,,,,,
v1|306843157947|0,,,,,,,,,,
v1|298159889991|0,,,,,,,,,,
v1|306842554929|0,,,,,,,,,,
v1|306842595874|0,,,,,,,,,,
v1|397542127213|0,,,,,,,,,,
v1|298159651178|0,,,,,,,,,,
v1|306842575463|0,,,,,,,,,,
v1|298159931388|0,,,,,,,,,,
v1|287181788219|0,,,,,,,,,,
v1|287181797032|0,,,,,,,,,,
v1|298159932333|0,,,,,,,,,,
v1|306842573694|0,,,,,,,,,,
v1|298160010730|0,,,,,,,,,,
v1|397065409370|665508779263,,,,,,,,,,
v1|295581731058|0,,,,,,,,,,
v1|388492005446|0,,,,,,,,,,
v1|357126677256|0,,,,,,,,,,
v1|267598133314|0,,,,,,,,,,
v1|287186264186|0,,,,,,,,,,
v1|267598136883|0,,,,,,,,,,
v1|267589917719|0,,,,,,,,,,
v1|389796131018|0,,,,,,,,,,
v1|389731258312|0,,,,,,,,,,
v1|394440418870|0,,,,,,,,,,
v1|376688107965|0,,,,,,,,,,
v1|157212460658|0,,,,,,,,,,
v1|287041996730|0,,,,,,,,,,
v1|318054162399|0,,,,,,,,,,
v1|355369164725|0,,,,,,,,,,
v1|287144349044|0,,,,,,,,,,
v1|406047337370|0,,,,,,,,,,
v1|266429666523|0,,,,,,,,,,
v1|389795366541|0,,,,,,,,,,
v1|267595634048|0,,,,,,,,,,
v1|397423602151|0,,,,,,,,,,
v1|135639654028|0,,,,,,,,,,
v1|147186823683|0,,,,,,,,,,
v1|397748212439|0,,,,,,,,,,
v1|137148375396|0,,,,,,,,,,
v1|389747893468|0,,,,,,,,,,
v1|168263800452|0,,,,,,,,,,
v1|188208718771|0,,,,,,,,,,
v1|358320205985|0,,,,,,,,,,
v1|287146632602|0,,,,,,,,,,
v1|358357951879|0,,,,,,,,,,
v1|168220457468|0,,,,,,,,,,
v1|397703578372|0,,,,,,,,,,
v1|287234327540|0,,,,,,,,,,
v1|406773296636|677006549556,,,,,,,,,,
v1|376850273243|0,,,,,,,,,,
v1|277810964929|0,,,,,,,,,,
v1|144285338951|0,,,,,,,,,,
v1|318056575861|0,,,,,,,,,,
v1|167591853853|0,,,,,,,,,,
v1|205927415771|0,,,,,,,,,,
v1|397763149750|0,,,,,,,,,,
v1|404929605572|674966575937,,,,,,,,,,
v1|406665564762|0,,,,,,,,,,
v1|318051535210|0,,,,,,,,,,
v1|236593647751|0,,,,,,,,,,
v1|147224804307|0,,,,,,,,,,
v1|397729931022|0,,,,,,,,,,
v1|405538727945|675832046049,,,,,,,,,,
v1|315031277733|0,,,,,,,,,,
v1|405279222865|0,,,,,,,,,,
v1|389673711621|0,,,,,,,,,,
v1|389798480094|0,,,,,,,,,,
v1|335820259773|0,,,,,,,,,,
v1|127689592702|0,,,,,,,,,,
v1|389753808721|0,,,,,,,,,,
v1|358262693486|0,,,,,,,,,,
v1|137165880175|0,,,,,,,,,,
v1|197851302024|0,,,,,,,,,,
v1|317713601070|0,,,,,,,,,,
v1|317908142839|0,,,,,,,,,,
v1|363937353569|0,,,,,,,,,,
v1|206168659196|0,,,,,,,,,,
v1|306802825822|0,,,,,,,,,,
v1|236381235087|0,,,,,,,,,,
v1|206168659244|0,,,,,,,,,,
v1|397006886154|665466913700,,,,,,,,,,
v1|357853831144|0,,,,,,,,,,
v1|325861737028|0,,,,,,,,,,
v1|316738658572|0,,,,,,,,,,
v1|236433320863|0,,,,,,,,,,
v1|318062144906|0,,,,,,,,,,
v1|357846682172|0,,,,,,,,,,
v1|314151382004|0,,,,,,,,,,
v1|357940702295|0,,,,,,,,,,
v1|236680878534|0,,,,,,,,,,
v1|277622623777|0,,,,,,,,,,
v1|358273988505|0,,,,,,,,,,
v1|357940702778|0,,,,,,,,,,
v1|358179311211|0,,,,,,,,,,
v1|236680868622|0,,,,,,,,,,
v1|317524801451|0,,,,,,,,,,
v1|187142102791|0,,,,,,,,,,
v1|198224789886|0,,,,,,,,,,
v1|317774288570|0,,,,,,,,,,
v1|336482206743|0,,,,,,,,,,
v1|267613106608|0,,,,,,,,,,
v1|318013686468|0,,,,,,,,,,
v1|389398070105|0,,,,,,,,,,
v1|227262979990|0,,,,,,,,,,
v1|358374526973|0,,,,,,,,,,
v1|257185267582|0,,,,,,,,,,
v1|267620027832|0,,,,,,,,,,
v1|317573168105|0,,,,,,,,,,
v1|188194391508|0,,,,,,,,,,
v1|157058239761|0,,,,,,,,,,
v1|206120160106|0,,,,,,,,,,
v1|298007088102|0,,,,,,,,,,
v1|358373519879|0,,,,,,,,,,
v1|157705402668|0,,,,,,,,,,
v1|387466984892|0,,,,,,,,,,
v1|397700545082|0,,,,,,,,,,
v1|287140229397|0,,,,,,,,,,
v1|287044803748|0,,,,,,,,,,
v1|147183494609|0,,,,,,,,,,
v1|147183503882|0,,,,,,,,,,
v1|327046390319|0,,,,,,,,,,
v1|318024013538|0,,,,,,,,,,
v1|287139877430|0,,,,,,,,,,
v1|358198384381|626527416589,,,,,,,,,,
v1|147224681054|0,,,,,,,,,,
v1|136937429516|0,,,,,,,,,,
v1|298113756360|0,,,,,,,,,,
v1|317543340829|0,,,,,,,,,,
v1|236453742221|0,,,,,,,,,,
v1|306748954149|606642506052,,,,,,,,,,
v1|406677295678|676922340534,,,,,,,,,,
v1|127751059672|0,,,,,,,,,,
v1|317344196466|615894090035,,,,,,,,,,
v1|116697269596|0,,,,,,,,,,
v1|127659106363|0,,,,,,,,,,
v1|317708680210|0,,,,,,,,,,
v1|326991777407|0,,,,,,,,,,
v1|147133599649|445615579060,,,,,,,,,,
v1|397542606359|0,,,,,,,,,,
v1|406737469909|676998344763,,,,,,,,,,
v1|366212273814|0,,,,,,,,,,
v1|366298196292|0,,,,,,,,,,
v1|389559441908|0,,,,,,,,,,
v1|397234746176|0,,,,,,,,,,
v1|396517819531|0,,,,,,,,,,
v1|358179594726|626515393904,,,,,,,,,,
v1|127710321353|0,,,,,,,,,,
v1|227227953036|0,,,,,,,,,,
v1|306583260160|0,,,,,,,,,,
v1|306828819094|0,,,,,,,,,,
v1|397626854395|0,,,,,,,,,,
v1|177509361607|0,,,,,,,,,,
v1|326466958897|0,,,,,,,,,,
v1|177591938314|0,,,,,,,,,,
v1|177509382541|0,,,,,,,,,,
v1|395716041709|0,,,,,,,,,,
v1|127635238501|0,,,,,,,,,,
v1|406263849971|0,,,,,,,,,,
v1|127757710288|0,,,,,,,,,,
v1|306749387443|0,,,,,,,,,,
v1|317972601540|0,,,,,,,,,,
v1|127686670144|0,,,,,,,,,,
v1|256950720355|0,,,,,,,,,,
v1|255347611950|0,,,,,,,,,,
v1|406709872272|0,,,,,,,,,,
v1|256680946352|0,,,,,,,,,,
v1|127731796086|0,,,,,,,,,,
v1|317760024012|0,,,,,,,,,,
v1|277525240023|0,,,,,,,,,,
v1|236709732996|0,,,,,,,,,,
v1|188137009952|0,,,,,,,,,,
v1|297615351650|0,,,,,,,,,,
v1|167728389318|0,,,,,,,,,,
v1|358164897410|0,,,,,,,,,,
v1|327022497515|0,,,,,,,,,,
v1|127673303169|0,,,,,,,,,,
v1|225245009371|524197028189,,,,,,,,,,
v1|168049086280|0,,,,,,,,,,
v1|137167897190|0,,,,,,,,,,
v1|206005649734|0,,,,,,,,,,
v1|167867010464|0,,,,,,,,,,
v1|316752957172|0,,,,,,,,,,
v1|168189235996|0,,,,,,,,,,
v1|277821956790|0,,,,,,,,,,
v1|389695171087|0,,,,,,,,,,
v1|358247126414|0,,,,,,,,,,
v1|298108095949|0,,,,,,,,,,
v1|297903800757|0,,,,,,,,,,
v1|206005591499|0,,,,,,,,,,
v1|205924931431|0,,,,,,,,,,
v1|206130714057|0,,,,,,,,,,
v1|127729080462|0,,,,,,,,,,
v1|298152227693|0,,,,,,,,,,
v1|127628156778|0,,,,,,,,,,
v1|377009485004|0,,,,,,,,,,
v1|358350498396|0,,,,,,,,,,
v1|225583913714|0,,,,,,,,,,
v1|136751446282|0,,,,,,,,,,
v1|326934589907|0,,,,,,,,,,
v1|157765892863|0,,,,,,,,,,
v1|406771950420|0,,,,,,,,,,
v1|366230934946|0,,,,,,,,,,
v1|272429654836|0,,,,,,,,,,
v1|204882816046|0,,,,,,,,,,
v1|275966009088|2560782001725,,,,,,,,,,
v1|116945859027|0,,,,,,,,,,
v1|272668357948|0,,,,,,,,,,
v1|187936967973|0,,,,,,,,,,
v1|147141944607|0,,,,,,,,,,
v1|168202919953|0,,,,,,,,,,
v1|377008818901|0,,,,,,,,,,
v1|188067320130|0,,,,,,,,,,
v1|206152081727|0,,,,,,,,,,
v1|276547279762|0,,,,,,,,,,
v1|365570555764|0,,,,,,,,,,
v1|297877099677|0,,,,,,,,,,
v1|287214225453|0,,,,,,,,,,
v1|147194230879|0,,,,,,,,,,
v1|147194239864|0,,,,,,,,,,
v1|137042545020|0,,,,,,,,,,
v1|326432733740|515545406131,,,,,,,,,,
v1|296958365229|0,,,,,,,,,,
v1|406658261145|0,,,,,,,,,,
v1|257363089921|0,,,,,,,,,,
v1|157433249050|0,,,,,,,,,,
v1|284995203399|0,,,,,,,,,,
v1|168252113757|0,,,,,,,,,,
v1|255204969341|0,,,,,,,,,,
v1|196979849106|0,,,,,,,,,,
v1|267620289100|0,,,,,,,,,,
v1|147196823129|0,,,,,,,,,,
v1|198056923308|0,,,,,,,,,,
v1|397716627227|0,,,,,,,,,,
v1|227252545819|0,,,,,,,,,,
v1|284349639548|0,,,,,,,,,,
v1|283755173755|0,,,,,,,,,,
v1|177813783816|0,,,,,,,,,,
v1|276621938816|0,,,,,,,,,,
v1|276344715413|0,,,,,,,,,,
v1|356202855227|0,,,,,,,,,,
v1|186951722424|0,,,,,,,,,,
v1|267542204761|0,,,,,,,,,,
v1|176706122874|0,,,,,,,,,,
v1|277811171717|0,,,,,,,,,,
v1|276632052798|2560061035712,,,,,,,,,,
v1|336479634223|0,,,,,,,,,,
v1|276326692811|578771786929,,,,,,,,,,
v1|402584387531|0,,,,,,,,,,
v1|326985884545|0,,,,,,,,,,
v1|284930588601|0,,,,,,,,,,
v1|206163191950|0,,,,,,,,,,
v1|317646165660|0,,,,,,,,,,
v1|174955310097|0,,,,,,,,,,
v1|116623924464|0,,,,,,,,,,
v1|317646248110|0,,,,,,,,,,
v1|387106104056|654374698231,,,,,,,,,,
v1|277772923077|0,,,,,,,,,,
v1|127756935977|0,,,,,,,,,,
v1|277800339343|0,,,,,,,,,,
v1|376971261648|0,,,,,,,,,,
v1|306832614347|0,,,,,,,,,,
v1|127765186066|0,,,,,,,,,,
v1|257424266521|0,,,,,,,,,,
v1|157745004568|0,,,,,,,,,,
v1|256889227802|0,,,,,,,,,,
v1|168252193157|0,,,,,,,,,,
v1|397758761228|0,,,,,,,,,,
v1|127771738323|0,,,,,,,,,,
v1|227270303731|0,,,,,,,,,,
v1|389784991454|0,,,,,,,,,,
v1|206162655862|0,,,,,,,,,,
v1|205928773732|0,,,,,,,,,,
v1|236128993322|0,,,,,,,,,,
v1|257414672609|0,,,,,,,,,,
v1|127767724160|0,,,,,,,,,,
v1|206065391384|0,,,,,,,,,,
v1|206053339691|0,,,,,,,,,,
v1|397732506269|0,,,,,,,,,,
v1|205899917759|0,,,,,,,,,,
v1|177975859818|0,,,,,,,,,,
v1|358369901813|0,,,,,,,,,,
v1|206118753614|0,,,,,,,,,,
v1|187995566685|0,,,,,,,,,,
v1|267454092155|0,,,,,,,,,,
v1|134421994886|0,,,,,,,,,,
v1|206023058432|0,,,,,,,,,,
v1|253905004123|553389099184,,,,,,,,,,
v1|252260226036|553057378089,,,,,,,,,,
v1|316233180703|0,,,,,,,,,,
v1|187628305982|0,,,,,,,,,,
v1|317812692906|0,,,,,,,,,,
v1|262251875220|560999897338,,,,,,,,,,
v1|188027977476|0,,,,,,,,,,
v1|406246317044|0,,,,,,,,,,
v1|317804560144|0,,,,,,,,,,
v1|235077741136|0,,,,,,,,,,
v1|357503276000|0,,,,,,,,,,
v1|168193989576|467765642712,,,,,,,,,,
v1|406776242006|0,,,,,,,,,,
v1|116825796193|416969597856,,,,,,,,,,
v1|147224526844|0,,,,,,,,,,
v1|165783286432|0,,,,,,,,,,
v1|165117868498|0,,,,,,,,,,
v1|277575360649|0,,,,,,,,,,
v1|168105179680|0,,,,,,,,,,
v1|336475377922|0,,,,,,,,,,
v1|147028839199|0,,,,,,,,,,
v1|127718600836|0,,,,,,,,,,
v1|204156063027|0,,,,,,,,,,
v1|168245075772|467797067627,,,,,,,,,,
v1|168193989572|467765631009,,,,,,,,,,
v1|187801489067|0,,,,,,,,,,
v1|206091038002|0,,,,,,,,,,
v1|358234884212|0,,,,,,,,,,
v1|137055139853|0,,,,,,,,,,
v1|306807341978|0,,,,,,,,,,
v1|277825482731|0,,,,,,,,,,
v1|157703225049|0,,,,,,,,,,
v1|358377148283|0,,,,,,,,,,
v1|397612910028|0,,,,,,,,,,
v1|336442374247|545933441369,,,,,,,,,,
v1|287232359835|0,,,,,,,,,,
v1|336452082877|0,,,,,,,,,,
v1|336442374134|545933326275,,,,,,,,,,
v1|286884159401|588909335612,,,,,,,,,,
v1|358289858184|0,,,,,,,,,,
v1|153934810931|454003443549,,,,,,,,,,
v1|137138620321|0,,,,,,,,,,
v1|317899318885|0,,,,,,,,,,
v1|136504476681|0,,,,,,,,,,
v1|277831529900|0,,,,,,,,,,
v1|137163264624|0,,,,,,,,,,
v1|146627126016|0,,,,,,,,,,
v1|157421768418|0,,,,,,,,,,
v1|366291847161|0,,,,,,,,,,
v1|287227367102|0,,,,,,,,,,
v1|267588795891|0,,,,,,,,,,
v1|366234706247|0,,,,,,,,,,
v1|389682869425|0,,,,,,,,,,
v1|177767995759|0,,,,,,,,,,
v1|147061022456|0,,,,,,,,,,
v1|127754376468|428929852633,,,,,,,,,,
v1|397431644369|0,,,,,,,,,,
v1|317848305323|0,,,,,,,,,,
v1|317971570520|0,,,,,,,,,,
v1|306704065128|0,,,,,,,,,,
v1|317063001934|0,,,,,,,,,,
v1|366237006766|0,,,,,,,,,,
v1|147057450238|0,,,,,,,,,,
v1|298153596066|0,,,,,,,,,,
v1|157744955033|0,,,,,,,,,,
v1|236662215799|0,,,,,,,,,,
v1|336346529516|545870712351,,,,,,,,,,
v1|358329772825|0,,,,,,,,,,
v1|188209844684|0,,,,,,,,,,
v1|176962360627|0,,,,,,,,,,
v1|236644500821|0,,,,,,,,,,
v1|376920777603|0,,,,,,,,,,
v1|406395962031|0,,,,,,,,,,
v1|389620747573|0,,,,,,,,,,
v1|318056959599|0,,,,,,,,,,
v1|406799658021|0,,,,,,,,,,
v1|236526846833|0,,,,,,,,,,
v1|406799657064|0,,,,,,,,,,
v1|277833308139|0,,,,,,,,,,
v1|318056945664|0,,,,,,,,,,
v1|277833310607|0,,,,,,,,,,
v1|318056947285|0,,,,,,,,,,
v1|236392338921|0,,,,,,,,,,
v1|389160604411|0,,,,,,,,,,
v1|376920753470|0,,,,,,,,,,
v1|389535022686|0,,,,,,,,,,
v1|236360311741|0,,,,,,,,,,
v1|336496447393|0,,,,,,,,,,
v1|206157741290|0,,,,,,,,,,
v1|376920784522|0,,,,,,,,,,
v1|306842097094|0,,,,,,,,,,
v1|306828902933|0,,,,,,,,,,
v1|198159399760|0,,,,,,,,,,
v1|306794858396|0,,,,,,,,,,
v1|137161972370|0,,,,,,,,,,
v1|306833152172|0,,,,,,,,,,
v1|318022797519|0,,,,,,,,,,
v1|306765197075|0,,,,,,,,,,
v1|306583744722|0,,,,,,,,,,
v1|306823007633|0,,,,,,,,,,
v1|306834529702|0,,,,,,,,,,
v1|306818864185|0,,,,,,,,,,
v1|306608416136|0,,,,,,,,,,
v1|306791333522|0,,,,,,,,,,
v1|306833152039|0,,,,,,,,,,
v1|306836174891|0,,,,,,,,,,
v1|317995661388|0,,,,,,,,,,
v1|317996232044|0,,,,,,,,,,
v1|317390949687|0,,,,,,,,,,
v1|306674159286|0,,,,,,,,,,
v1|357411491960|626566128118,,,,,,,,,,
v1|177924850020|477468319240,,,,,,,,,,
v1|177934393244|477472507537,,,,,,,,,,
v1|267584234867|567400028223,,,,,,,,,,
v1|257378704513|558045073823,,,,,,,,,,
v1|236699160175|537196648324,,,,,,,,,,
v1|236474798548|537014272206,,,,,,,,,,
v1|235066057125|537009209564,,,,,,,,,,
v1|257378706125|558045144155,,,,,,,,,,
v1|257252688232|557912010222,,,,,,,,,,
v1|257230230504|557885514574,,,,,,,,,,
v1|336340944912|545866202237,,,,,,,,,,
v1|257157789630|557798446197,,,,,,,,,,
v1|389797645219|657085953763,,,,,,,,,,
v1|397764132732|0,,,,,,,,,,
v1|336150539786|545702984588,,,,,,,,,,
v1|168086998018|467698962498,,,,,,,,,,
v1|168204405126|467771515931,,,,,,,,,,
v1|365810549360|635587680161,,,,,,,,,,
v1|236713299005|0,,,,,,,,,,
v1|302983565318|601918650093,,,,,,,,,,
v1|267394979072|0,,,,,,,,,,
v1|317610646786|0,,,,,,,,,,
v1|305775418436|604889113090,,,,,,,,,,
v1|305775391753|604888945789,,,,,,,,,,
v1|305202673504|604127308644,,,,,,,,,,
v1|305775496943|604888957700,,,,,,,,,,
v1|374713807871|0,,,,,,,,,,
v1|204317992594|504866882299,,,,,,,,,,
v1|116870022215|0,,,,,,,,,,
v1|204317995112|504867057475,,,,,,,,,,
v1|305775381717|604888905039,,,,,,,,,,
v1|115910573939|0,,,,,,,,,,
v1|384286823184|0,,,,,,,,,,
v1|305775573478|604889169468,,,,,,,,,,
v1|384286840342|0,,,,,,,,,,
v1|305775399762|604888978903,,,,,,,,,,
v1|305202744234|604127448588,,,,,,,,,,
v1|206025212660|0,,,,,,,,,,
v1|305202824270|604127301479,,,,,,,,,,
v1|277828078237|0,,,,,,,,,,
v1|205458582803|0,,,,,,,,,,
v1|127768832121|0,,,,,,,,,,
v1|188163746080|0,,,,,,,,,,
v1|286986469230|0,,,,,,,,,,
v1|389719511497|0,,,,,,,,,,
v1|167991476606|0,,,,,,,,,,
v1|389636344070|0,,,,,,,,,,
v1|257404384739|0,,,,,,,,,,
v1|376927187725|0,,,,,,,,,,
v1|206141529016|0,,,,,,,,,,
v1|377058161314|0,,,,,,,,,,
v1|177991824557|0,,,,,,,,,,
v1|127706831605|0,,,,,,,,,,
v1|267565527501|0,,,,,,,,,,
v1|277735997516|0,,,,,,,,,,
v1|358342698069|0,,,,,,,,,,
v1|277717166206|0,,,,,,,,,,
v1|267507236312|0,,,,,,,,,,
v1|146151822442|0,,,,,,,,,,
v1|115900664842|416011705928,,,,,,,,,,
v1|198199661356|0,,,,,,,,,,
v1|198155677728|0,,,,,,,,,,
v1|206144147194|0,,,,,,,,,,
v1|397758885327|666083422662,,,,,,,,,,
v1|166778351830|466436005079,,,,,,,,,,
v1|206144918050|0,,,,,,,,,,
v1|227243800703|0,,,,,,,,,,
v1|227261177467|0,,,,,,,,,,
v1|206132020267|0,,,,,,,,,,
v1|227260146520|0,,,,,,,,,,
v1|198180725493|0,,,,,,,,,,
v1|206144621249|0,,,,,,,,,,
v1|198199485065|0,,,,,,,,,,
v1|198180435854|0,,,,,,,,,,
v1|227259830091|0,,,,,,,,,,
v1|227259776742|0,,,,,,,,,,
v1|227253458603|0,,,,,,,,,,
v1|206111190115|0,,,,,,,,,,
v1|206132859134|0,,,,,,,,,,
v1|315743348357|614166340930,,,,,,,,,,
v1|223043348784|521856992543,,,,,,,,,,
v1|335795849290|545327943155,,,,,,,,,,
v1|147138139162|445618233112,,,,,,,,,,
v1|315759716185|614190767065,,,,,,,,,,
v1|186682386017|694716349762,,,,,,,,,,
v1|316122837783|614772321933,,,,,,,,,,
v1|316072072373|614682381565,,,,,,,,,,
v1|135716281653|0,,,,,,,,,,
v1|316480211378|615029181466,,,,,,,,,,
v1|317474920664|0,,,,,,,,,,
v1|315741387387|614163626806,,,,,,,,,,
v1|405016911613|675079539768,,,,,,,,,,
v1|317446006278|0,,,,,,,,,,
v1|137139501864|0,,,,,,,,,,
v1|357293152514|0,,,,,,,,,,
v1|336465212055|0,,,,,,,,,,
v1|389397281936|0,,,,,,,,,,
v1|286655792360|588684683028,,,,,,,,,,
v1|147133587586|445615565101,,,,,,,,,,
v1|255706516556|555642284334,,,,,,,,,,
v1|256698066088|557065688049,,,,,,,,,,
v1|257180252670|557818162601,,,,,,,,,,
v1|226394203029|525585213489,,,,,,,,,,
v1|406562287192|676850555112,,,,,,,,,,
v1|174027312334|472835984314,,,,,,,,,,
v1|204103150916|504605058334,,,,,,,,,,
v1|256741103777|557165689777,,,,,,,,,,
v1|257256677451|557916592801,,,,,,,,,,
v1|264551396380|564297035353,,,,,,,,,,
v1|256286153000|556330036845,,,,,,,,,,
v1|165697670283|465210543901,,,,,,,,,,
v1|318062967469|0,,,,,,,,,,
v1|257182972808|557820621034,,,,,,,,,,
v1|257223271716|557874817605,,,,,,,,,,
v1|255774235300|555708132232,,,,,,,,,,
v1|255794272221|555729432756,,,,,,,,,,
v1|256724110087|557124787560,,,,,,,,,,
v1|257197608217|557836535275,,,,,,,,,,
v1|376934421541|645464612604,,,,,,,,,,
v1|155833873927|456220509717,,,,,,,,,,
v1|168036672827|467636084297,,,,,,,,,,
v1|157359593690|458854593553,,,,,,,,,,
v1|167106986978|466822285855,,,,,,,,,,
v1|168207790711|467781134062,,,,,,,,,,
v1|156646761085|458004689408,,,,,,,,,,
v1|147138144728|445618221933,,,,,,,,,,
v1|157434914795|458916033591,,,,,,,,,,
v1|155175366325|455358051896,,,,,,,,,,
v1|167031087094|466787676465,,,,,,,,,,
v1|167979056713|467547988789,,,,,,,,,,
v1|167139714611|466842646720,,,,,,,,,,
v1|166557636213|466207857250,,,,,,,,,,
v1|127560325818|428683229513,,,,,,,,,,
v1|267568818095|567385373922,,,,,,,,,,
v1|156393746921|457484757254,,,,,,,,,,
v1|265513614415|565319001405,,,,,,,,,,
v1|155773595229|456157142365,,,,,,,,,,
v1|136937064332|435417374604,,,,,,,,,,
v1|306467346317|606253497864,,,,,,,,,,
v1|324962590651|513933123194,,,,,,,,,,
v1|325065544719|513995414379,,,,,,,,,,
v1|325070024301|513998198997,,,,,,,,,,
v1|273659913626|573146057918,,,,,,,,,,
v1|325100248939|514018251056,,,,,,,,,,
v1|397129829509|665556800351,,,,,,,,,,
v1|324585914993|0,,,,,,,,,,
v1|275256539315|575526995455,,,,,,,,,,
v1|282439201592|581581806038,,,,,,,,,,
v1|234240007278|533847016826,,,,,,,,,,
v1|315751942326|614178895473,,,,,,,,,,
v1|234535937464|534145258273,,,,,,,,,,
v1|234423804097|533992648495,,,,,,,,,,
v1|324881608596|513876539103,,,,,,,,,,
v1|286578987170|0,,,,,,,,,,
v1|324866691079|513875465019,,,,,,,,,,
v1|324485137758|0,,,,,,,,,,
v1|272760151772|571895292478,,,,,,,,,,
v1|286583577001|0,,,,,,,,,,
v1|266753284067|566537797410,,,,,,,,,,
v1|192740571486|492882201926,,,,,,,,,,
v1|287187762892|589188727828,,,,,,,,,,
v1|177790564220|0,,,,,,,,,,
v1|405449329468|675718727346,,,,,,,,,,
v1|406644074990|676899724142,,,,,,,,,,
v1|304669152616|603702946068,,,,,,,,,,
v1|365602468280|635396358219,,,,,,,,,,
v1|316806399891|615300393981,,,,,,,,,,
v1|287184888148|589187187663,,,,,,,,,,
v1|277764520330|2560745819220,,,,,,,,,,
v1|287079969372|589124100959,,,,,,,,,,
v1|316806397402|615300332005,,,,,,,,,,
v1|365602468480|635396236541,,,,,,,,,,
v1|277804365242|2560769868221,,,,,,,,,,
v1|196926266463|496537246903,,,,,,,,,,
v1|287184887121|589187063143,,,,,,,,,,
v1|406664858650|676913980767,,,,,,,,,,
v1|323560720585|512586574323,,,,,,,,,,
v1|287199508712|0,,,,,,,,,,
v1|287204714317|589198661475,,,,,,,,,,
v1|298162053224|0,,,,,,,,,,
v1|316264595379|0,,,,,,,,,,
v1|306843847752|0,,,,,,,,,,
v1|306843892657|0,,,,,,,,,,
v1|335987141241|0,,,,,,,,,,
v1|298162250500|0,,,,,,,,,,
v1|236673998862|0,,,,,,,,,,
v1|376587815532|645200911142,,,,,,,,,,
v1|147140169865|0,,,,,,,,,,
v1|188151052772|0,,,,,,,,,,
v1|364707022711|634239831476,,,,,,,,,,
v1|336095333374|0,,,,,,,,,,
v1|336095334259|0,,,,,,,,,,
v1|336095330214|0,,,,,,,,,,
v1|336095332794|0,,,,,,,,,,
v1|286588197544|588639200765,,,,,,,,,,
v1|316242221629|614902740521,,,,,,,,,,
v1|176850924104|0,,,,,,,,,,
v1|336095333409|0,,,,,,,,,,
v1|167462456417|0,,,,,,,,,,
v1|137093182417|0,,,,,,,,,,
v1|227254580060|0,,,,,,,,,,
v1|147124592445|0,,,,,,,,,,
v1|388042708535|0,,,,,,,,,,
v1|377029479790|0,,,,,,,,,,
v1|177968477778|0,,,,,,,,,,
v1|406688975735|0,,,,,,,,,,
v1|167684492695|0,,,,,,,,,,
v1|176973912278|0,,,,,,,,,,
v1|126908244711|0,,,,,,,,,,
v1|186429990880|0,,,,,,,,,,
v1|377061549581|0,,,,,,,,,,
v1|177992283679|0,,,,,,,,,,
v1|285996288364|0,,,,,,,,,,
v1|358372641966|0,,,,,,,,,,
v1|206028005518|0,,,,,,,,,,
v1|257396377435|0,,,,,,,,,,
v1|177390422138|0,,,,,,,,,,
v1|236688570193|0,,,,,,,,,,
v1|365801943695|0,,,,,,,,,,
v1|389797915320|0,,,,,,,,,,
v1|377062680250|0,,,,,,,,,,
v1|287187014170|0,,,,,,,,,,
v1|397732523662|0,,,,,,,,,,
v1|406800161680|0,,,,,,,,,,
v1|196522162229|0,,,,,,,,,,
v1|389493762652|0,,,,,,,,,,
v1|147212871057|0,,,,,,,,,,
v1|388032574528|0,,,,,,,,,,
v1|177510559305|0,,,,,,,,,,
v1|395188698194|0,,,,,,,,,,
v1|287198492165|0,,,,,,,,,,
v1|406659958538|0,,,,,,,,,,
v1|397747637947|0,,,,,,,,,,
v1|127770350507|0,,,,,,,,,,
v1|127740438951|0,,,,,,,,,,
v1|255999539022|0,,,,,,,,,,
v1|287194844316|0,,,,,,,,,,
v1|157010568178|0,,,,,,,,,,
v1|227212717717|0,,,,,,,,,,
v1|358343340716|0,,,,,,,,,,
v1|168264223742|0,,,,,,,,,,
v1|276657772211|0,,,,,,,,,,
v1|397764128946|0,,,,,,,,,,
v1|206094384267|0,,,,,,,,,,
v1|136129800959|0,,,,,,,,,,
v1|146779265905|0,,,,,,,,,,
v1|193359781122|0,,,,,,,,,,
v1|236020797688|0,,,,,,,,,,
v1|197796646411|0,,,,,,,,,,
v1|226453805809|0,,,,,,,,,,
v1|193714619488|0,,,,,,,,,,
v1|297983194396|0,,,,,,,,,,
v1|358359586582|0,,,,,,,,,,
v1|187962773559|695660484414,,,,,,,,,,
v1|175921684505|0,,,,,,,,,,
v1|193359774431|0,,,,,,,,,,
v1|193359763349|0,,,,,,,,,,
v1|355007392951|0,,,,,,,,,,
v1|375435901080|0,,,,,,,,,,
v1|188188633981|0,,,,,,,,,,
v1|336492979915|0,,,,,,,,,,
v1|147124177497|0,,,,,,,,,,
v1|116669075854|0,,,,,,,,,,
v1|127145208281|0,,,,,,,,,,
v1|116954337109|0,,,,,,,,,,
v1|187121375897|0,,,,,,,,,,
v1|187779013781|0,,,,,,,,,,
v1|135788123422|0,,,,,,,,,,
v1|197570190621|0,,,,,,,,,,
v1|366135519875|0,,,,,,,,,,
v1|157700785213|0,,,,,,,,,,
v1|324765920233|0,,,,,,,,,,
v1|168246720789|0,,,,,,,,,,
v1|157769148924|0,,,,,,,,,,
v1|305914959184|0,,,,,,,,,,
v1|154961991938|0,,,,,,,,,,
v1|230687074946|0,,,,,,,,,,
v1|395155921434|0,,,,,,,,,,
v1|255986506834|0,,,,,,,,,,
v1|327027491610|0,,,,,,,,,,
v1|236620986649|0,,,,,,,,,,
v1|156679933307|0,,,,,,,,,,
v1|356583715157|0,,,,,,,,,,
v1|134710475281|0,,,,,,,,,,
v1|127710166715|428871133509,,,,,,,,,,
v1|317241101506|0,,,,,,,,,,
v1|134677565600|0,,,,,,,,,,
v1|266094156164|0,,,,,,,,,,
v1|257415021538|0,,,,,,,,,,
v1|227107038134|526388516776,,,,,,,,,,
v1|205348637438|0,,,,,,,,,,
v1|256924024752|0,,,,,,,,,,
v1|206108264978|0,,,,,,,,,,
v1|336484777214|0,,,,,,,,,,
v1|277233174387|2560424835452,,,,,,,,,,
v1|317971858070|0,,,,,,,,,,
v1|205259719390|506012051356,,,,,,,,,,
v1|234952039435|0,,,,,,,,,,
v1|296874221759|0,,,,,,,,,,
v1|227223779029|0,,,,,,,,,,
v1|187250334757|0,,,,,,,,,,
v1|176840346212|0,,,,,,,,,,
v1|277271827646|0,,,,,,,,,,
v1|177119940540|0,,,,,,,,,,
v1|176832582191|0,,,,,,,,,,
v1|335947091295|0,,,,,,,,,,
v1|187250301882|0,,,,,,,,,,
v1|187250349000|0,,,,,,,,,,
v1|198046217137|0,,,,,,,,,,
v1|187250305056|0,,,,,,,,,,
v1|186947460086|0,,,,,,,,,,
v1|176840428441|0,,,,,,,,,,
v1|176832371720|0,,,,,,,,,,
v1|187982653364|0,,,,,,,,,,
v1|406255984800|0,,,,,,,,,,
v1|287167108782|0,,,,,,,,,,
v1|167250152623|0,,,,,,,,,,
v1|227136678527|0,,,,,,,,,,
v1|177853231867|0,,,,,,,,,,
v1|305387355069|0,,,,,,,,,,
v1|389649371439|656949743005,,,,,,,,,,
v1|277694465442|0,,,,,,,,,,
v1|358313968727|0,,,,,,,,,,
v1|277694496357|0,,,,,,,,,,
v1|375656071574|0,,,,,,,,,,
v1|358319489849|0,,,,,,,,,,
v1|358337939004|0,,,,,,,,,,
v1|358321528361|0,,,,,,,,,,
v1|358338799262|0,,,,,,,,,,
v1|358337989681|0,,,,,,,,,,
v1|358313980980|0,,,,,,,,,,
v1|358338812897|0,,,,,,,,,,
v1|317613120107|0,,,,,,,,,,
v1|226871286432|0,16,1,18,18,16,2,19,18,0,1
v1|227168474018|0,15,1,19,19,15,1,18,19,0,1
v1|127772064870|0,19,18,16,15,17,18,15,16,18,4
v1|366010972007|0,18,19,15,17,19,19,17,15,19,2
v1|298159890936|0,0,11,13,12,13,15,8,8,14,7
v1|306843157947|0,0,10,0,1,11,14,4,10,4,15
v1|298159889991|0,0,8,11,9,9,12,2,9,7,16
v1|306842554929|0,0,9,3,2,8,13,7,11,8,8
v1|306842595874|0,0,3,0,8,4,4,1,2,13,14
v1|397542127213|0,0,13,14,11,12,10,5,14,6,19
v1|298159651178|0,0,14,17,10,14,11,1,13,9,17
v1|306842575463|0,0,2,9,5,5,3,1,5,11,10
v1|298159931388|0,0,6,0,6,2,8,1,6,12,9
v1|287181788219|0,0,16,2,13,1,17,1,1,16,6
v1|287181797032|0,0,15,1,14,1,16,1,1,15,5
v1|298159932333|0,0,4,5,3,6,7,1,7,0,11
v1|306842573694|0,0,5,6,4,3,5,9,4,10,13
v1|298160010730|0,0,7,10,7,7,6,10,3,0,12
v1|397065409370|665508779263,0,12,12,0,10,9,1,12,5,18
v1|295581731058|0,17,17,1,16,18,0,16,17,17,3
v1|388492005446|0,5,15,11,18,12,16,4,13,13,5
v1|357126677256|0,6,18,13,12,8,10,17,14,12,8
v1|267598133314|0,16,2,0,5,1,1,7,3,6,15
v1|287186264186|0,17,11,14,7,10,7,10,12,8,13
v1|267598136883|0,15,3,0,6,3,2,6,4,5,16
v1|267589917719|0,9,19,9,16,11,13,16,10,17,7
v1|389796131018|0,19,7,18,3,18,6,19,18,0,6
v1|389731258312|0,11,4,0,2,2,4,1,6,0,17
v1|394440418870|0,4,5,6,14,5,19,1,9,15,1
v1|376688107965|0,2,8,5,13,4,14,2,1,16,14
v1|157212460658|0,3,17,7,17,6,18,15,11,18,2
v1|287041996730|0,13,10,16,10,15,8,13,16,10,12
v1|318054162399|0,0,1,0,0,0,0,8,1,0,1
v1|355369164725|0,8,16,8,19,7,17,12,2,19,4
v1|287144349044|0,1,0,0,1,17,3,3,5,0,19
v1|406047337370|0,12,14,17,9,16,11,5,17,9,10
v1|266429666523|0,7,13,10,15,9,15,11,8,14,3
v1|389795366541|0,18,6,19,4,19,5,18,19,0,18
v1|267595634048|0,14,9,15,8,13,9,9,15,7,11
v1|397423602151|0,10,12,12,11,14,12,1,7,11,9
v1|135639654028|0,3,12,13,13,2,14,15,16,15,1
v1|147186823683|0,14,11,14,3,9,13,16,6,2,7
v1|397748212439|0,15,3,7,10,11,3,12,5,12,18
v1|137148375396|0,19,19,17,16,16,19,19,15,16,6
v1|389747893468|0,13,4,5,9,10,6,7,2,10,17
v1|168263800452|0,11,8,4,11,5,10,6,8,7,10
v1|188208718771|0,1,13,0,15,15,15,0,13,14,16
v1|358320205985|0,10,9,6,7,3,4,5,1,9,14
v1|287146632602|0,17,18,1,1,13,12,11,12,13,19
v1|358357951879|0,9,5,11,4,8,7,13,10,5,0
v1|168220457468|0,18,17,0,1,14,11,10,14,1,11
v1|397703578372|0,7,2,3,6,4,2,9,1,4,9
v1|287234327540|0,1,1,1,14,1,1,4,11,3,1
v1|406773296636|677006549556,2,1,8,12,1,1,1,3,1,5
v1|376850273243|0,5,15,18,19,17,18,17,18,19,3
v1|277810964929|0,16,6,2,8,12,5,2,4,8,0
v1|144285338951|0,4,16,19,18,18,16,18,19,18,4
v1|318056575861|0,12,10,9,2,6,9,8,9,11,8
v1|167591853853|0,8,7,10,5,7,8,1,7,6,0
v1|205927415771|0,6,14,16,17,19,17,14,17,17,2
v1|397763149750|0,16,8,7,8,5,9,12,0,8,16
v1|404929605572|674966575937,11,7,5,6,6,4,7,10,5,13
v1|406665564762|0,13,10,2,13,14,10,6,12,10,8
v1|318051535210|0,10,14,11,12,15,11,5,15,13,9
v1|236593647751|0,7,18,15,15,18,18,15,16,19,7
v1|147224804307|0,15,5,6,3,8,7,16,3,6,5
v1|397729931022|0,17,4,4,4,7,6,13,8,7,17
v1|405538727945|675832046049,6,11,10,9,10,14,8,2,15,2
v1|315031277733|0,5,12,14,10,11,13,9,5,3,1
v1|405279222865|0,4,15,19,19,0,15,17,14,16,4
v1|389673711621|0,8,16,17,16,19,17,10,17,17,10
v1|389798480094|0,18,3,12,2,3,3,3,4,4,14
v1|335820259773|0,19,19,16,14,16,19,11,13,12,18
v1|127689592702|0,12,6,9,7,12,5,2,9,9,12
v1|389753808721|0,0,0,1,0,0,0,1,0,0,19
v1|358262693486|0,0,0,13,0,0,0,4,0,0,11
v1|137165880175|0,2,0,1,18,0,0,18,18,0,1
v1|197851302024|0,3,17,18,17,17,16,19,19,18,6
v1|317713601070|0,14,9,8,5,9,8,1,6,11,15
v1|317908142839|0,9,13,3,11,13,12,14,11,14,3
v1|363937353569|0,1,1,1,1,1,1,1,1,1,1
v1|206168659196|0,15,7,10,8,10,15,15,10,7,11
v1|306802825822|0,9,12,14,11,13,18,10,13,12,10
v1|236381235087|0,3,16,17,14,19,6,4,16,17,1
v1|206168659244|0,5,17,16,13,16,4,1,19,18,4
v1|397006886154|665466913700,10,13,12,12,14,19,8,8,13,12
v1|357853831144|0,14,8,8,7,7,11,12,11,8,15
v1|325861737028|0,17,4,1,2,5,12,17,5,4,2
v1|316738658572|0,13,6,7,6,9,14,16,1,6,17
v1|236433320863|0,18,3,2,3,6,9,18,4,5,18
v1|318062144906|0,8,11,5,0,2,2,6,1,1,7
v1|357846682172|0,16,5,6,5,8,13,13,3,9,16
v1|314151382004|0,19,2,1,4,4,10,19,2,3,19
v1|357940702295|0,11,9,11,9,12,16,14,12,10,14
v1|236680878534|0,1,1,4,1,1,1,1,18,2,9
v1|277622623777|0,4,18,18,16,17,8,2,14,16,1
v1|358273988505|0,7,14,15,15,15,7,5,15,15,3
v1|357940702778|0,12,10,13,10,11,17,11,7,11,13
v1|358179311211|0,6,15,9,17,18,5,7,17,19,5
v1|236680868622|0,1,1,3,18,1,1,9,6,1,8
v1|317524801451|0,2,19,19,19,3,3,3,9,14,1
v1|286856481198|0,3,3,0,0,3,3,0,0,0,0
v1|198123905874|0,2,0,1,1,1,1,3,2,1,3
v1|306815834204|0,1,0,2,2,1,2,2,1,2,2
v1|225584780537|0,0,0,3,3,2,0,1,3,3,0
v1|187142102791|0,17,1,1,3,1,2,3,5,1,11
v1|198224789886|0,11,5,9,10,7,11,11,8,9,14
v1|317774288570|0,4,14,19,2,15,15,0,18,19,2
v1|336482206743|0,3,15,17,15,19,18,17,17,18,5
v1|267613106608|0,1,17,18,19,18,16,19,14,1,1
v1|318013686468|0,16,1,5,1,1,3,6,1,2,12
v1|389398070105|0,18,8,4,4,2,5,2,3,3,18
v1|227262979990|0,19,4,8,11,8,10,12,9,8,13
v1|358374526973|0,5,18,13,17,14,19,9,19,16,4
v1|257185267582|0,7,11,14,13,12,13,15,13,12,8
v1|267620027832|0,6,13,12,14,13,14,8,15,14,7
v1|317573168105|0,10,12,15,12,11,1,16,12,13,9
v1|188194391508|0,1,16,1,18,16,1,13,1,15,1
v1|157058239761|0,9,9,10,9,9,9,4,11,11,6
v1|206120160106|0,2,19,16,16,17,17,18,16,17,3
v1|298007088102|0,13,7,7,7,3,7,10,7,6,17
v1|358373519879|0,12,3,6,6,6,8,5,4,5,15
v1|157705402668|0,14,6,2,5,4,6,1,2,7,16
v1|387466984892|0,8,10,11,8,10,12,14,10,10,10
v1|397700545082|0,15,2,3,1,5,4,1,6,4,19
v1|287140229397|0,16,16,7,10,11,17,18,11,10,17
v1|287044803748|0,4,11,14,19,13,12,17,18,7,8
v1|147183494609|0,12,15,4,14,15,15,9,12,19,11
v1|147183503882|0,11,14,18,13,14,16,16,16,15,12
v1|327046390319|0,18,6,2,1,8,8,1,9,13,1
v1|318024013538|0,9,17,9,12,16,18,13,14,16,13
v1|287139877430|0,5,12,16,17,7,1,12,13,11,5
v1|358198384381|626527416589,10,5,3,7,12,10,4,2,14,6
v1|147224681054|0,13,0,1,0,0,0,7,1,0,19
v1|136937429516|0,15,19,12,9,17,19,3,10,17,14
v1|298113756360|0,1,4,15,2,2,5,15,19,5,7
v1|317543340829|0,3,18,17,15,9,13,10,15,8,9
v1|236453742221|0,8,13,1,8,18,14,2,5,18,10
v1|306748954149|606642506052,7,1,5,4,3,2,11,7,1,3
v1|406677295678|676922340534,1,2,11,3,1,3,1,4,2,2
v1|127751059672|0,6,10,13,18,4,11,14,17,9,4
v1|317344196466|615894090035,14,9,10,5,5,6,8,8,4,18
v1|116697269596|0,17,8,8,11,10,7,5,3,6,16
v1|127659106363|0,2,3,19,16,19,4,19,6,3,1
v1|317708680210|0,19,7,6,6,6,9,6,1,12,15
v1|326991777407|0,13,19,15,7,11,16,11,13,18,13
v1|147133599649|445615579060,8,15,4,10,13,13,17,17,15,10
v1|397542606359|0,5,8,12,15,10,0,8,7,8,8
v1|406737469909|676998344763,7,0,10,1,1,0,1,9,19,4
v1|366212273814|0,14,18,16,12,12,17,0,12,17,14
v1|366298196292|0,12,13,13,9,14,15,16,11,13,15
v1|389559441908|0,0,1,5,2,2,0,3,5,1,9
v1|397234746176|0,10,16,18,13,16,18,14,14,14,12
v1|396517819531|0,3,12,19,17,17,12,10,16,5,5
v1|358179594726|626515393904,17,3,7,5,6,7,5,2,12,17
v1|127710321353|0,16,5,1,0,0,0,2,1,9,1
v1|227227953036|0,11,14,14,6,7,14,15,10,11,16
v1|306583260160|0,9,17,17,11,15,19,0,15,16,11
v1|306828819094|0,15,6,6,8,5,8,1,4,10,3
v1|397626854395|0,6,9,11,14,9,0,9,8,7,7
v1|177509361607|0,2,11,1,19,19,10,18,19,3,1
v1|326466958897|0,18,2,8,4,3,9,6,3,1,18
v1|177591938314|0,19,4,9,3,4,0,4,1,2,19
v1|177509382541|0,1,10,2,18,18,11,19,18,4,2
v1|395716041709|0,4,7,3,16,8,0,7,6,6,6
v1|127635238501|0,8,12,18,9,7,13,18,13,12,10
v1|406263849971|0,7,8,3,13,12,14,14,5,11,5
v1|127757710288|0,13,2,10,0,14,6,9,9,8,6
v1|306749387443|0,15,17,15,10,18,11,10,19,15,16
v1|317972601540|0,1,19,1,12,19,12,15,2,19,7
v1|127686670144|0,12,5,4,0,13,2,4,3,2,15
v1|256950720355|0,3,10,7,16,10,16,19,4,18,8
v1|255347611950|0,14,1,11,0,1,1,3,8,7,17
v1|406709872272|0,5,13,6,14,9,18,6,10,0,1
v1|256680946352|0,10,3,9,0,4,3,5,0,6,14
v1|127731796086|0,9,14,16,11,15,5,17,14,16,11
v1|317760024012|0,6,7,17,15,6,10,16,12,5,9
v1|277525240023|0,19,18,14,7,16,7,11,18,13,13
v1|236709732996|0,4,11,0,18,11,15,2,11,17,4
v1|188137009952|0,2,9,19,17,5,19,7,0,1,2
v1|297615351650|0,1,6,2,19,8,17,1,1,10,3
v1|167728389318|0,17,16,13,8,17,8,13,17,14,18
v1|358164897410|0,16,0,12,6,1,1,12,15,3,12
v1|327022497515|0,11,4,1,0,3,4,1,7,9,1
v1|127673303169|0,18,15,8,5,2,9,8,16,4,19
v1|225245009371|524197028189,5,0,8,0,0,0,1,1,0,15
v1|168049086280|0,19,12,12,9,9,17,5,1,8,7
v1|137167897190|0,3,5,2,1,3,5,1,1,6,14
v1|206005649734|0,10,9,18,19,16,10,12,18,15,2
v1|167867010464|0,9,8,17,16,18,11,8,1,18,4
v1|316752957172|0,12,11,16,15,10,12,7,17,19,5
v1|168189235996|0,0,0,1,5,1,0,18,1,0,16
v1|277821956790|0,16,14,7,12,12,15,15,1,14,11
v1|389695171087|0,6,0,5,0,7,7,17,1,5,6
v1|358247126414|0,18,3,4,4,5,6,1,1,4,8
v1|298108095949|0,8,7,19,17,19,2,11,1,16,1
v1|297903800757|0,7,6,10,11,11,8,6,1,10,3
v1|206005591499|0,11,10,9,18,17,9,3,19,17,1
v1|205924931431|0,13,17,11,10,8,18,4,1,9,19
v1|206130714057|0,15,13,15,13,13,14,9,1,11,12
v1|127729080462|0,17,16,14,14,15,16,14,1,12,9
v1|298152227693|0,4,0,6,2,2,3,19,1,2,17
v1|127628156778|0,0,18,3,3,4,4,16,1,7,18
v1|377009485004|0,2,19,1,8,6,19,2,1,3,13
v1|358350498396|0,14,15,13,7,14,13,13,1,13,10
v1|225583913714|0,15,3,11,1,2,5,12,10,5,17
v1|136751446282|0,1,17,14,16,15,1,0,17,18,1
v1|326934589907|0,18,4,10,3,5,3,8,11,4,18
v1|157765892863|0,14,9,8,6,3,18,7,13,8,13
v1|406771950420|0,4,14,15,15,9,10,6,4,14,3
v1|366230934946|0,5,16,3,19,17,12,2,5,15,4
v1|272429654836|0,7,10,13,7,12,9,15,3,11,14
v1|204882816046|0,17,5,9,2,4,4,13,7,6,19
v1|275966009088|2560782001725,8,8,12,9,13,19,16,14,9,8
v1|116945859027|0,13,1,5,5,1,7,11,1,2,9
v1|272668357948|0,10,11,6,8,11,8,14,12,10,15
v1|187936967973|0,9,15,17,14,14,15,17,15,12,11
v1|147141944607|0,6,13,16,13,16,11,18,16,16,5
v1|168202919953|0,11,2,2,10,7,17,4,6,1,10
v1|377008818901|0,3,19,18,18,19,14,10,19,17,1
v1|188067320130|0,12,1,1,12,10,16,3,1,1,7
v1|206152081727|0,1,12,1,11,8,1,0,2,3,6
v1|276547279762|0,19,6,7,4,6,2,9,9,7,12
v1|365570555764|0,16,7,4,1,1,6,0,8,13,16
v1|297877099677|0,2,18,19,17,18,13,19,18,19,2
v1|287214225453|0,13,12,13,11,11,0,7,11,8,2
v1|147194230879|0,10,11,3,10,12,13,12,9,10,9
v1|147194239864|0,14,10,2,4,13,8,1,10,9,10
v1|137042545020|0,11,2,14,7,10,11,4,1,13,12
v1|326432733740|515545406131,7,19,7,13,19,16,11,17,15,13
v1|296958365229|0,5,16,17,16,14,14,10,14,19,16
v1|406658261145|0,0,1,11,0,0,0,1,1,0,6
v1|257363089921|0,18,4,4,3,4,0,2,2,3,1
v1|157433249050|0,4,18,18,19,18,18,9,19,17,17
v1|284995203399|0,12,13,1,12,9,10,16,7,12,11
v1|168252113757|0,19,5,6,2,3,0,13,3,2,1
v1|255204969341|0,2,14,1,18,17,19,6,18,11,19
v1|196979849106|0,17,6,9,9,5,7,18,6,4,5
v1|267620289100|0,8,1,16,15,15,12,8,15,14,15
v1|147196823129|0,9,3,0,5,0,9,3,12,7,8
v1|198056923308|0,6,17,19,14,16,17,14,16,18,14
v1|397716627227|0,0,9,12,0,0,0,1,8,0,7
v1|227252545819|0,3,15,15,17,8,15,15,13,16,18
v1|284349639548|0,15,8,8,8,6,5,19,5,5,3
v1|283755173755|0,16,7,10,6,7,6,17,4,6,4
v1|177813783816|0,8,15,13,10,15,14,11,12,19,1
v1|276621938816|0,12,10,9,3,7,11,14,9,14,12
v1|276344715413|0,11,14,5,1,3,10,3,10,1,10
v1|356202855227|0,5,17,18,17,19,18,8,17,16,8
v1|186951722424|0,13,12,7,5,12,6,4,3,8,15
v1|267542204761|0,9,13,4,11,13,15,10,11,11,13
v1|176706122874|0,14,11,8,6,11,5,17,8,7,14
v1|277811171717|0,3,18,19,18,17,16,19,19,17,6
v1|276632052798|2560061035712,17,8,11,7,8,8,16,5,5,17
v1|336479634223|0,2,16,17,16,16,19,5,16,15,1
v1|276326692811|578771786929,15,7,12,8,9,9,15,6,6,18
v1|402584387531|0,19,4,1,2,1,1,1,13,2,19
v1|326985884545|0,4,19,16,19,18,17,7,18,18,7
v1|284930588601|0,16,6,10,9,5,7,18,7,4,11
v1|206163191950|0,0,2,1,15,0,2,1,1,1,3
v1|317646165660|0,6,1,14,13,2,12,9,15,13,5
v1|174955310097|0,18,5,6,4,6,4,12,4,3,16
v1|116623924464|0,1,3,3,14,10,3,13,1,9,2
v1|317646248110|0,7,1,15,12,14,13,6,14,12,4
v1|387106104056|654374698231,10,9,2,1,4,1,2,2,10,9
v1|277772923077|0,19,3,1,1,6,2,1,7,1,19
v1|127756935977|0,4,2,8,3,5,4,15,18,5,4
v1|277800339343|0,12,10,10,8,15,14,6,13,9,10
v1|376971261648|0,3,1,7,2,4,5,17,19,4,1
v1|306832614347|0,0,11,6,4,1,0,14,1,2,3
v1|127765186066|0,8,9,9,12,11,11,3,12,17,7
v1|257424266521|0,9,16,16,16,10,6,13,10,16,11
v1|157745004568|0,2,1,3,18,1,7,2,2,3,2
v1|256889227802|0,1,19,19,1,2,0,18,1,19,1
v1|168252193157|0,15,7,1,9,16,17,4,6,11,13
v1|397758761228|0,11,14,14,14,14,12,8,11,12,12
v1|127771738323|0,7,4,17,17,9,9,16,9,1,6
v1|227270303731|0,13,12,5,11,17,16,7,3,10,16
v1|389784991454|0,18,6,2,5,19,3,0,4,6,18
v1|206162655862|0,14,13,12,10,13,15,11,14,13,15
v1|205928773732|0,17,5,13,6,18,19,1,16,7,17
v1|236128993322|0,5,18,18,19,3,8,19,8,18,8
v1|257414672609|0,10,17,15,13,12,10,9,15,15,5
v1|127767724160|0,16,8,4,7,8,18,5,5,8,14
v1|206065391384|0,6,15,11,15,7,13,12,17,14,9
v1|206053339691|0,16,3,1,2,4,2,1,7,4,19
v1|397732506269|0,2,19,16,17,10,9,5,12,3,4
v1|205899917759|0,7,0,12,4,6,1,1,8,11,1
v1|177975859818|0,15,17,15,14,9,8,7,2,1,3
v1|358369901813|0,13,11,9,7,15,15,3,4,16,12
v1|206118753614|0,10,15,19,11,19,19,17,14,15,1
v1|187995566685|0,14,16,17,12,18,18,19,19,17,11
v1|267454092155|0,1,6,2,15,7,4,9,10,7,7
v1|134421994886|0,18,9,11,3,16,14,14,1,19,17
v1|206023058432|0,8,2,18,10,11,1,18,13,1,2
v1|253905004123|553389099184,4,13,3,18,8,6,2,5,6,9
v1|252260226036|553057378089,3,4,5,1,5,5,6,6,5,6
v1|316233180703|0,12,12,10,6,17,17,11,3,18,13
v1|187628305982|0,1,18,14,19,1,3,4,1,2,10
v1|317812692906|0,19,10,7,9,13,12,13,15,12,18
v1|262251875220|560999897338,6,5,4,16,1,7,8,11,8,8
v1|188027977476|0,9,14,13,13,12,16,16,18,14,5
v1|406246317044|0,17,7,6,1,2,11,10,17,9,16
v1|317804560144|0,11,8,8,8,14,13,12,16,13,15
v1|235077741136|0,5,1,1,5,3,10,15,9,10,14
v1|357503276000|0,7,16,15,14,14,19,15,19,15,6
v1|168193989576|467765642712,4,18,18,17,16,17,12,16,17,3
v1|406776242006|0,8,14,16,15,15,16,19,13,16,7
v1|116825796193|416969597856,9,9,1,12,10,6,4,2,1,11
v1|147224526844|0,10,11,9,4,3,8,3,6,12,13
v1|165783286432|0,19,4,7,8,8,5,7,12,6,19
v1|165117868498|0,1,5,0,5,9,3,8,8,5,17
v1|277575360649|0,13,6,3,10,12,11,16,4,10,14
v1|168105179680|0,17,1,6,9,6,1,10,5,2,16
v1|336475377922|0,15,8,0,2,5,7,1,14,8,1
v1|147028839199|0,11,10,10,3,4,9,2,3,11,12
v1|127718600836|0,14,1,5,1,2,1,1,1,7,1
v1|204156063027|0,18,3,11,7,1,4,11,10,4,18
v1|168245075772|467797067627,2,17,19,19,17,18,13,17,19,8
v1|168193989572|467765631009,3,19,17,18,18,14,14,18,18,9
v1|187801489067|0,5,15,14,16,19,13,18,9,13,5
v1|206091038002|0,16,2,12,6,7,2,9,11,3,15
v1|358234884212|0,6,13,13,13,13,15,17,15,14,4
v1|137055139853|0,12,7,0,11,11,10,5,7,9,10
v1|306807341978|0,1,12,1,0,0,12,6,1,1,2
v1|277825482731|0,11,5,13,11,6,4,6,12,8,14
v1|157703225049|0,12,13,17,6,9,9,1,13,10,9
v1|358377148283|0,19,4,5,3,1,2,3,4,1,18
v1|397612910028|0,3,15,4,16,19,5,4,1,13,2
v1|336442374247|545933441369,6,12,8,15,13,13,12,8,16,11
v1|287232359835|0,15,9,12,4,7,11,16,7,2,12
v1|336452082877|0,16,2,10,1,3,3,2,6,5,16
v1|336442374134|545933326275,7,11,7,17,11,18,13,16,15,7
v1|286884159401|588909335612,4,16,9,14,15,19,17,19,14,3
v1|358289858184|0,18,3,11,2,2,1,1,9,3,17
v1|153934810931|454003443549,2,18,2,12,17,8,19,15,17,4
v1|137138620321|0,1,19,1,13,18,6,18,3,12,1
v1|317899318885|0,13,7,18,8,4,14,10,10,6,13
v1|136504476681|0,5,6,15,10,5,10,9,11,7,8
v1|277831529900|0,17,1,3,0,0,1,1,5,4,19
v1|137163264624|0,1,17,1,9,16,7,7,2,9,1
v1|146627126016|0,10,10,6,18,12,17,14,18,19,10
v1|157421768418|0,8,14,16,7,10,15,8,14,11,6
v1|366291847161|0,9,1,19,19,14,16,15,17,18,5
v1|287227367102|0,14,8,14,5,8,12,5,1,1,15
v1|267588795891|0,5,13,1,8,5,10,5,6,16,1
v1|366234706247|0,4,1,1,6,6,11,6,2,3,7
v1|389682869425|0,13,15,1,17,16,9,18,3,9,16
v1|177767995759|0,17,4,1,1,12,4,19,14,6,17
v1|147061022456|0,6,12,1,9,7,13,7,5,12,8
v1|127754376468|428929852633,3,17,1,18,14,17,3,17,18,12
v1|397431644369|0,18,5,1,2,11,5,12,1,1,2
v1|317848305323|0,9,14,1,15,15,16,17,10,17,11
v1|317971570520|0,19,10,1,12,18,7,9,13,7,18
v1|306704065128|0,15,2,1,10,2,12,8,1,4,9
v1|317063001934|0,2,11,1,7,3,14,4,7,11,10
v1|366237006766|0,14,6,1,1,4,3,1,8,1,19
v1|147057450238|0,12,7,1,16,17,8,10,11,10,15
v1|298153596066|0,11,1,1,13,9,1,15,9,8,4
v1|157744955033|0,0,8,1,4,8,1,2,1,14,0
v1|236662215799|0,8,9,1,11,10,6,13,16,15,5
v1|336346529516|545870712351,10,16,1,14,13,15,16,15,13,3
v1|358329772825|0,1,19,19,3,1,19,1,19,2,1
v1|188209844684|0,7,18,16,19,19,18,14,18,19,13
v1|176962360627|0,16,3,1,5,1,2,11,12,5,14
v1|236644500821|0,16,9,7,7,3,14,11,10,9,10
v1|376920777603|0,6,13,14,15,13,2,4,14,15,3
v1|406395962031|0,8,6,1,11,10,18,5,4,3,8
v1|389620747573|0,18,5,6,2,1,1,2,1,7,19
v1|318056959599|0,3,17,16,13,15,5,17,13,18,6
v1|406799658021|0,11,1,15,14,7,12,10,11,4,13
v1|236526846833|0,17,4,10,5,2,16,13,8,6,16
v1|406799657064|0,5,15,18,19,17,6,14,17,17,5
v1|277833308139|0,10,12,2,16,11,9,9,16,13,12
v1|318056945664|0,4,16,17,17,16,7,16,15,19,7
v1|277833310607|0,12,1,12,3,8,11,0,12,10,9
v1|318056947285|0,1,18,19,9,18,4,18,18,1,1
v1|236392338921|0,15,10,8,6,4,15,12,9,5,18
v1|389160604411|0,14,7,5,1,6,17,3,3,11,14
v1|376920753470|0,9,11,13,12,9,19,6,5,14,11
v1|389535022686|0,13,8,11,4,5,13,7,7,8,15
v1|236360311741|0,19,3,9,8,1,1,1,6,2,17
v1|336496447393|0,7,2,1,1,12,10,1,2,12,2
v1|206157741290|0,1,19,3,10,19,3,19,19,1,1
v1|376920784522|0,2,14,4,18,14,8,15,1,16,4
v1|306842097094|0,16,19,4,2,18,17,17,6,5,1
v1|306828902933|0,15,17,7,1,16,18,11,5,3,15
v1|198159399760|0,1,4,11,13,5,5,7,9,13,3
v1|306794858396|0,17,18,1,8,19,19,10,4,6,19
v1|137161972370|0,5,6,1,18,6,1,5,11,15,2
v1|306833152172|0,11,14,10,6,15,12,14,14,7,16
v1|318022797519|0,18,13,2,1,1,16,1,1,2,5
v1|306765197075|0,12,15,9,4,14,11,13,7,8,17
v1|306583744722|0,13,16,8,5,17,14,12,8,1,18
v1|306823007633|0,2,3,16,17,8,4,4,13,18,10
v1|306834529702|0,9,12,13,9,12,8,15,17,11,14
v1|306818864185|0,7,2,12,11,3,6,8,10,10,7
v1|306608416136|0,4,8,17,15,9,10,6,16,16,12
v1|306791333522|0,3,5,19,16,7,3,3,12,17,11
v1|306833152039|0,1,1,18,19,4,2,2,1,19,1
v1|306836174891|0,6,7,15,12,2,7,9,19,12,4
v1|317995661388|0,19,1,3,3,1,15,1,2,1,6
v1|317996232044|0,10,9,5,10,10,1,19,15,9,9
v1|317390949687|0,14,11,6,7,13,13,18,3,4,13
v1|306674159286|0,8,10,14,14,11,9,16,18,14,8
v1|365636945771|0,2,2,2,2,2,2,0,2,2,0
v1|126763299792|0,0,0,1,0,1,1,1,0,0,2
v1|126769047703|0,0,0,1,0,1,1,2,0,0,1
v1|357411491960|626566128118,17,5,3,3,3,4,3,5,4,19
v1|177924850020|477468319240,9,8,9,8,15,19,6,4,14,8
v1|177934393244|477472507537,10,9,10,9,14,15,5,18,13,7
v1|267584234867|567400028223,15,4,6,5,5,6,2,6,6,16
v1|257378704513|558045073823,6,18,16,17,16,13,17,13,9,12
v1|236699160175|537196648324,14,12,14,11,11,16,8,16,19,3
v1|236474798548|537014272206,12,14,15,7,13,14,13,19,18,6
v1|235066057125|537009209564,13,13,13,12,12,17,4,17,17,5
v1|257378706125|558045144155,3,19,12,19,18,11,16,1,11,9
v1|257252688232|557912010222,5,17,11,18,17,0,18,1,12,10
v1|257230230504|557885514574,11,7,8,10,6,18,1,15,7,4
v1|336340944912|545866202237,7,10,1,14,10,8,14,9,8,15
v1|257157789630|557798446197,4,16,17,16,8,12,15,12,10,1
v1|389797645219|657085953763,19,0,2,0,0,0,1,3,0,17
v1|397764132732|0,2,0,7,6,7,3,11,11,0,11
v1|336150539786|545702984588,16,2,4,2,2,5,10,8,2,14
v1|168086998018|467698962498,1,11,18,13,9,9,12,14,16,2
v1|168204405126|467771515931,8,15,19,15,19,10,19,10,15,1
v1|365810549360|635587680161,18,6,5,4,4,7,9,7,3,18
v1|236713299005|0,1,3,1,1,1,2,1,2,5,13
v1|302983565318|601918650093,0,0,1,0,0,1,6,2,1,9
v1|267394979072|0,19,17,4,6,2,5,7,13,10,19
v1|317610646786|0,2,2,19,19,4,18,19,8,2,1
v1|305775418436|604889113090,8,11,10,15,13,12,13,14,11,10
v1|305775391753|604888945789,10,12,17,13,12,10,17,9,15,7
v1|305202673504|604127308644,13,18,8,10,8,8,11,12,19,16
v1|305775496943|604888957700,14,14,13,2,14,11,15,18,13,12
v1|374713807871|0,0,1,1,0,0,1,1,3,1,8
v1|204317992594|504866882299,6,7,15,17,5,15,18,1,7,5
v1|116870022215|0,18,4,9,3,3,2,2,4,9,18
v1|204317995112|504867057475,7,5,16,18,18,14,4,7,8,6
v1|305775381717|604888905039,11,16,12,12,11,9,16,19,14,11
v1|115910573939|0,17,19,6,7,7,4,9,15,18,17
v1|384286823184|0,5,9,3,4,17,16,3,5,4,3
v1|305775573478|604889169468,9,10,11,14,15,13,14,16,17,4
v1|384286840342|0,4,8,14,5,19,17,1,1,3,2
v1|305775399762|604888978903,15,13,7,11,10,7,10,17,12,15
v1|305202744234|604127448588,3,6,18,16,16,19,5,6,6,1
v1|206025212660|0,12,3,5,8,6,3,12,11,5,14
v1|305202824270|604127301479,16,15,2,9,9,6,8,10,16,13
v1|277828078237|0,10,17,19,6,6,8,19,17,19,18
v1|205458582803|0,5,12,14,15,16,15,10,15,12,8
v1|127768832121|0,6,11,15,14,15,14,4,16,13,9
v1|188163746080|0,9,16,17,9,9,4,18,18,18,12
v1|286986469230|0,14,6,4,5,11,9,7,8,17,17
v1|389719511497|0,11,9,8,8,4,12,8,7,3,14
v1|167991476606|0,17,1,1,1,1,1,9,3,1,1
v1|389636344070|0,15,8,9,7,7,5,16,11,16,16
v1|257404384739|0,1,5,1,12,3,13,6,2,1,5
v1|376927187725|0,13,7,10,10,12,10,5,9,15,7
v1|206141529016|0,3,14,5,17,19,18,11,14,7,2
v1|377058161314|0,7,19,11,13,13,11,3,13,11,11
v1|177991824557|0,1,4,6,19,14,16,1,5,9,4
v1|127706831605|0,4,15,13,16,18,19,15,12,10,6
v1|267565527501|0,8,18,16,11,10,7,14,19,14,10
v1|277735997516|0,18,3,18,2,5,1,17,6,4,19
v1|358342698069|0,19,2,3,1,2,3,2,1,5,15
v1|277717166206|0,16,1,2,3,0,2,1,1,2,1
v1|267507236312|0,2,13,12,18,17,17,12,4,8,3
v1|146151822442|0,12,10,7,4,8,6,13,10,6,13
v1|115900664842|416011705928,1,17,18,16,17,16,3,4,16,4
v1|198199661356|0,5,15,17,15,15,4,2,17,11,6
v1|198155677728|0,8,14,7,12,6,3,8,12,10,17
v1|206144147194|0,10,12,15,14,13,18,17,18,14,8
v1|397758885327|666083422662,2,18,13,17,18,14,4,3,19,3
v1|166778351830|466436005079,6,19,12,18,16,15,1,2,17,2
v1|206144918050|0,16,8,4,1,8,13,11,7,6,11
v1|227243800703|0,17,5,1,2,7,12,10,1,4,9
v1|227261177467|0,15,4,2,3,2,7,6,8,5,12
v1|206132020267|0,13,6,3,6,1,10,9,15,9,18
v1|227260146520|0,18,7,8,7,4,11,14,10,3,19
v1|198180725493|0,9,13,16,10,9,1,16,13,13,14
v1|206144621249|0,3,1,11,11,12,2,5,14,12,1
v1|198199485065|0,12,3,1,5,3,9,15,9,2,10
v1|198180435854|0,4,1,10,1,1,1,1,1,0,1
v1|227259830091|0,7,11,14,13,14,19,18,19,15,7
v1|227259776742|0,11,10,6,8,11,5,12,6,8,15
v1|227253458603|0,19,2,5,4,5,8,7,5,1,13
v1|206111190115|0,14,9,9,9,10,6,13,11,7,16
v1|206132859134|0,1,16,19,19,19,17,19,16,18,5
v1|315743348357|614166340930,9,11,14,11,12,7,7,9,13,8
v1|223043348784|521856992543,4,17,17,17,17,3,6,17,17,1
v1|335795849290|545327943155,1,14,1,10,14,5,10,15,16,5
v1|147138139162|445618233112,12,8,12,8,7,12,14,11,7,15
v1|315759716185|614190767065,15,5,8,7,6,14,13,8,2,9
v1|186682386017|694716349762,16,1,6,3,2,19,18,4,4,17
v1|316122837783|614772321933,14,6,4,6,4,16,8,6,6,13
v1|316072072373|614682381565,17,2,7,4,3,18,19,7,3,16
v1|135716281653|0,11,12,11,13,9,10,5,3,9,10
v1|316480211378|615029181466,10,10,9,12,11,11,17,12,14,4
v1|317474920664|0,19,3,5,1,1,15,3,2,1,19
v1|315741387387|614163626806,8,7,10,14,10,8,16,10,12,11
v1|405016911613|675079539768,1,0,3,2,5,0,1,5,5,14
v1|317446006278|0,13,9,1,5,8,13,15,1,8,12
v1|137139501864|0,3,19,18,19,19,2,2,18,18,3
v1|357293152514|0,2,18,19,18,18,1,1,19,19,1
v1|336465212055|0,5,13,16,16,16,6,9,16,10,2
v1|389397281936|0,18,4,2,1,1,17,4,1,1,18
v1|286655792360|588684683028,7,16,15,15,13,9,12,13,15,7
v1|147133587586|445615565101,6,15,13,9,15,4,11,14,11,6
v1|255706516556|555642284334,15,17,4,7,6,12,1,11,10,18
v1|256698066088|557065688049,4,3,19,17,15,7,16,5,19,8
v1|257180252670|557818162601,1,9,17,18,19,4,17,14,15,10
v1|226394203029|525585213489,18,15,3,4,4,1,5,2,4,12
v1|406562287192|676850555112,19,0,1,1,2,1,6,1,1,19
v1|174027312334|472835984314,14,10,5,5,8,17,1,12,7,17
v1|204103150916|504605058334,12,13,11,10,10,18,7,7,12,11
v1|256741103777|557165689777,16,19,8,2,3,10,8,3,5,4
v1|257256677451|557916592801,7,8,15,1,13,5,18,6,14,7
v1|264551396380|564297035353,9,11,6,13,9,14,13,19,13,9
v1|256286153000|556330036845,17,18,7,3,5,11,9,10,3,5
v1|165697670283|465210543901,10,12,12,11,11,16,2,13,11,14
v1|318062967469|0,0,0,1,19,0,2,19,1,2,1
v1|257182972808|557820621034,5,6,18,16,16,9,12,15,17,2
v1|257223271716|557874817605,8,14,10,6,7,19,3,9,9,15
v1|255774235300|555708132232,13,16,9,8,1,13,4,8,8,16
v1|255794272221|555729432756,11,7,14,12,12,15,15,18,6,13
v1|256724110087|557124787560,6,4,13,15,17,6,11,4,18,3
v1|257197608217|557836535275,3,5,16,14,18,8,10,16,16,1
v1|376934421541|645464612604,2,2,2,9,14,3,14,17,1,6
v1|155833873927|456220509717,19,5,7,3,4,18,13,8,6,19
v1|168036672827|467636084297,14,2,11,4,6,6,14,11,8,18
v1|157359593690|458854593553,15,3,9,2,7,8,12,12,5,16
v1|167106986978|466822285855,0,0,1,0,1,0,1,4,0,3
v1|168207790711|467781134062,8,14,16,14,17,11,18,5,14,5
v1|156646761085|458004689408,12,6,12,12,12,14,7,13,9,14
v1|147138144728|445618221933,4,17,19,17,18,12,5,16,17,8
v1|157434914795|458916033591,11,4,14,11,11,15,8,18,13,12
v1|155175366325|455358051896,10,8,3,8,9,5,4,3,11,11
v1|167031087094|466787676465,5,7,6,9,2,4,3,15,4,4
v1|167979056713|467547988789,9,15,17,13,13,16,16,14,15,10
v1|167139714611|466842646720,17,10,10,7,8,7,10,10,3,9
v1|166557636213|466207857250,18,11,8,10,5,17,15,17,7,15
v1|127560325818|428683229513,2,18,1,18,16,2,9,1,19,1
v1|267568818095|567385373922,3,13,4,19,15,3,19,1,1,1
v1|156393746921|457484757254,0,0,2,0,0,0,17,2,2,2
v1|265513614415|565319001405,13,12,13,6,10,10,2,6,12,13
v1|155773595229|456157142365,16,9,5,5,3,9,11,9,10,17
v1|136937064332|435417374604,7,19,15,16,19,19,1,19,18,7
v1|306467346317|606253497864,6,16,18,15,14,13,6,7,16,6
v1|324962590651|513933123194,12,9,1,15,10,18,3,15,19,9
v1|325065544719|513995414379,4,12,16,11,17,13,4,9,13,6
v1|325070024301|513998198997,7,16,13,14,12,19,12,14,17,11
v1|273659913626|573146057918,9,5,10,17,5,6,10,17,10,13
v1|325100248939|514018251056,11,7,11,5,3,10,13,11,8,12
v1|397129829509|665556800351,19,1,8,1,1,3,18,5,1,19
v1|324585914993|0,10,10,12,10,11,17,14,13,18,10
v1|275256539315|575526995455,13,4,5,7,9,7,8,3,11,16
v1|282439201592|581581806038,14,6,7,6,8,8,9,16,6,14
v1|234240007278|533847016826,5,13,2,13,16,14,1,6,15,4
v1|315751942326|614178895473,18,1,3,1,1,4,19,4,4,1
v1|234535937464|534145258273,6,15,15,8,14,16,6,7,16,7
v1|234423804097|533992648495,16,2,4,4,4,11,11,10,9,15
v1|324881608596|513876539103,8,14,14,9,13,15,5,8,12,5
v1|286578987170|0,1,18,19,19,19,1,16,19,2,2
v1|324866691079|513875465019,3,11,17,12,15,12,15,12,14,8
v1|324485137758|0,15,8,9,3,2,9,2,1,7,18
v1|272760151772|571895292478,17,3,6,2,7,5,7,2,5,17
v1|286583577001|0,1,19,18,18,18,2,17,18,1,1
v1|266753284067|566537797410,2,17,1,16,6,1,1,1,3,3
v1|192740571486|492882201926,18,19,5,2,17,2,12,2,1,19
v1|287187762892|589188727828,0,2,14,13,4,17,16,12,15,4
v1|177790564220|0,11,10,7,12,11,15,6,7,14,2
v1|405449329468|675718727346,2,3,13,3,12,6,2,10,2,5
v1|406644074990|676899724142,17,17,3,6,19,5,11,5,12,16
v1|304669152616|603702946068,15,15,10,7,16,4,10,6,13,15
v1|365602468280|635396358219,1,5,18,19,1,8,1,16,17,1
v1|316806399891|615300393981,1,4,19,18,1,7,1,17,16,1
v1|287184888148|589187187663,16,16,11,8,15,11,19,8,11,17
v1|277764520330|2560745819220,9,13,12,11,7,10,5,3,9,12
v1|287079969372|589124100959,8,11,2,0,14,0,7,4,4,14
v1|316806397402|615300332005,6,9,17,16,5,18,9,19,19,7
v1|365602468480|635396236541,7,8,6,17,3,19,8,18,18,8
v1|277804365242|2560769868221,13,12,1,9,6,13,17,14,8,10
v1|196926266463|496537246903,12,1,8,4,13,9,3,11,10,13
v1|287184887121|589187063143,5,7,15,15,10,14,14,15,5,6
v1|406664858650|676913980767,19,18,4,1,18,3,13,1,1,18
v1|323560720585|512586574323,10,1,1,5,2,0,4,1,3,3
v1|287199508712|0,4,6,16,14,9,16,15,13,6,9
v1|287204714317|589198661475,14,14,9,10,8,12,18,9,7,11
v1|298162053224|0,10,8,13,12,10,14,13,10,11,13
v1|316264595379|0,11,3,8,7,8,7,6,16,8,17
v1|306843847752|0,13,15,10,8,13,19,12,12,14,11
v1|306843892657|0,2,19,18,17,17,6,16,5,19,6
v1|335987141241|0,17,2,5,0,2,0,2,2,7,19
v1|298162250500|0,1,17,19,19,1,3,18,1,16,3
v1|236673998862|0,16,4,7,9,7,11,7,15,5,18
v1|376587815532|645200911142,18,6,3,0,5,9,5,8,3,1
v1|147140169865|0,3,13,1,0,3,2,3,6,1,1
v1|188151052772|0,15,16,12,14,12,18,8,19,15,15
v1|364707022711|634239831476,14,12,11,15,14,17,11,14,4,16
v1|336095333374|0,8,11,15,5,16,15,1,17,12,10
v1|336095334259|0,4,18,1,18,18,5,1,4,18,4
v1|336095330214|0,12,5,6,10,9,12,9,11,6,12
v1|336095332794|0,5,1,17,16,19,4,17,3,17,5
v1|286588197544|588639200765,6,9,9,6,4,10,14,7,10,7
v1|316242221629|614902740521,19,7,4,0,6,8,4,9,2,1
v1|176850924104|0,1,1,16,0,1,1,19,1,1,2
v1|336095333409|0,9,10,14,11,11,13,10,13,9,14
v1|167462456417|0,7,14,2,13,15,16,15,18,13,8
v1|137093182417|0,13,13,16,11,18,15,1,17,16,11
v1|227254580060|0,5,5,8,4,5,9,4,1,9,1
v1|147124592445|0,14,14,17,15,13,13,14,11,12,9
v1|388042708535|0,4,4,7,5,6,8,5,2,8,7
v1|377029479790|0,16,3,11,6,1,0,1,5,3,4
v1|177968477778|0,6,12,10,13,17,14,19,18,15,12
v1|406688975735|0,8,16,15,16,15,18,16,16,17,14
v1|167684492695|0,12,17,19,17,16,19,18,14,13,13
v1|176973912278|0,10,18,18,18,19,17,15,19,18,16
v1|126908244711|0,7,10,9,12,10,11,13,1,14,1
v1|186429990880|0,9,19,13,19,14,16,17,15,11,15
v1|377061549581|0,19,7,3,9,8,6,2,4,6,2
v1|177992283679|0,18,9,1,8,7,5,10,10,5,5
v1|285996288364|0,0,2,2,2,1,0,1,8,1,3
v1|358372641966|0,15,11,12,10,12,10,11,13,19,17
v1|206028005518|0,11,15,14,14,11,12,12,12,10,10
v1|257396377435|0,3,6,6,3,4,4,3,3,7,8
v1|177390422138|0,0,1,4,1,3,0,7,7,2,19
v1|236688570193|0,17,8,1,7,9,7,9,9,4,6
v1|365801943695|0,0,1,5,1,2,0,8,6,1,18
v1|389797915320|0,7,6,16,17,6,12,16,15,12,3
v1|377062680250|0,4,5,18,18,5,11,12,13,14,4
v1|287187014170|0,11,11,12,12,12,13,1,9,8,14
v1|397732523662|0,13,14,8,10,11,18,13,11,10,11
v1|406800161680|0,10,12,13,11,13,14,9,8,9,15
v1|196522162229|0,18,18,5,5,19,3,19,6,3,17
v1|389493762652|0,6,4,17,16,7,10,15,14,13,2
v1|147212871057|0,9,8,1,13,3,7,6,16,6,7
v1|388032574528|0,15,16,3,6,15,16,3,12,5,16
v1|177510559305|0,17,17,6,3,17,1,2,1,1,19
v1|395188698194|0,19,19,4,4,18,2,7,5,2,18
v1|287198492165|0,5,10,15,14,8,9,1,3,16,6
v1|406659958538|0,12,13,7,8,10,15,10,10,7,13
v1|397747637947|0,14,7,9,9,2,19,5,7,17,10
v1|127770350507|0,16,15,2,7,14,17,11,4,4,12
v1|127740438951|0,3,3,19,19,4,6,0,2,11,1
v1|255999539022|0,0,0,1,0,16,1,14,1,0,1
v1|287194844316|0,8,9,14,15,9,8,4,17,15,5
v1|157010568178|0,0,1,11,1,1,4,18,18,18,8
v1|227212717717|0,0,2,10,2,1,5,17,19,19,9
v1|358343340716|0,15,4,4,0,8,1,10,1,0,19
v1|168264223742|0,1,7,19,19,4,7,19,16,7,1
v1|276657772211|0,2,9,8,17,3,6,0,17,9,8
v1|397764128946|0,17,17,7,10,19,19,12,9,16,11
v1|206094384267|0,6,14,1,15,9,9,11,7,18,10
v1|136129800959|0,9,13,11,12,17,18,15,8,17,14
v1|146779265905|0,8,16,10,14,12,10,2,11,13,15
v1|193359781122|0,10,0,15,5,5,1,4,3,0,5
v1|236020797688|0,13,19,13,11,15,11,13,13,14,13
v1|197796646411|0,7,12,9,13,13,12,14,14,12,12
v1|226453805809|0,19,11,6,8,14,17,8,1,10,18
v1|193714619488|0,12,0,16,6,11,4,3,6,0,6
v1|297983194396|0,18,18,5,9,18,16,7,12,15,16
v1|358359586582|0,16,10,3,0,10,15,9,10,11,17
v1|187962773559|695660484414,5,15,17,16,16,13,16,15,19,9
v1|175921684505|0,4,6,1,3,1,8,18,19,6,2
v1|193359774431|0,14,0,14,7,7,3,6,5,0,7
v1|193359763349|0,11,0,12,4,6,2,5,4,0,4
v1|355007392951|0,3,8,18,18,2,14,17,18,8,3
v1|375435901080|0,0,5,2,2,0,5,0,2,5,1
v1|188188633981|0,9,13,13,15,15,13,17,11,13,11
v1|336492979915|0,15,11,5,4,13,11,16,14,7,15
v1|147124177497|0,3,16,19,19,5,15,1,19,15,2
v1|116669075854|0,11,6,8,7,10,6,11,15,11,5
v1|127145208281|0,5,8,18,12,9,0,0,5,8,6
v1|116954337109|0,6,14,15,17,19,16,14,17,18,3
v1|187121375897|0,19,7,1,2,1,5,0,13,1,7
v1|187779013781|0,7,19,16,11,18,19,19,16,14,12
v1|135788123422|0,0,3,4,5,3,3,4,3,4,9
v1|197570190621|0,0,1,14,14,7,12,13,10,6,10
v1|366135519875|0,8,15,12,13,17,14,15,7,17,13
v1|157700785213|0,2,18,7,16,4,18,8,6,16,1
v1|324765920233|0,14,4,3,8,8,2,3,12,5,1
v1|168246720789|0,12,9,10,3,6,9,6,4,10,17
v1|157769148924|0,18,2,11,1,2,8,7,2,2,18
v1|305914959184|0,10,12,17,10,11,7,10,9,12,14
v1|154961991938|0,4,17,6,18,16,17,18,18,19,4
v1|230687074946|0,16,10,9,9,12,10,5,8,9,16
v1|395155921434|0,17,0,1,0,0,0,2,1,0,19
v1|255986506834|0,13,5,2,6,14,4,9,1,3,8
v1|327027491610|0,8,11,12,15,14,3,0,1,9,6
v1|236620986649|0,3,6,19,9,10,2,5,1,4,2
v1|156679933307|0,12,8,1,5,7,7,1,4,5,9
v1|356583715157|0,7,0,11,16,13,4,9,9,10,1
v1|134710475281|0,10,16,15,13,6,17,1,15,6,13
v1|127710166715|428871133509,14,1,2,6,1,9,11,7,14,4
v1|317241101506|0,15,3,9,8,5,12,14,12,2,11
v1|134677565600|0,18,17,14,12,15,18,19,17,18,15
v1|266094156164|0,4,19,18,19,19,16,2,2,17,19
v1|257415021538|0,6,13,10,17,18,5,8,10,7,1
v1|227107038134|526388516776,13,5,3,2,8,10,15,16,16,5
v1|205348637438|0,19,18,17,11,16,19,18,18,19,14
v1|256924024752|0,17,10,4,1,4,15,6,6,1,3
v1|206108264978|0,11,14,5,14,11,14,10,8,15,17
v1|336484777214|0,1,9,13,0,3,1,7,19,12,12
v1|277233174387|2560424835452,1,15,8,4,12,13,16,11,11,8
v1|317971858070|0,9,4,7,7,1,11,13,13,13,10
v1|205259719390|506012051356,16,2,1,3,2,8,12,5,1,7
v1|234952039435|0,2,7,16,10,9,1,17,14,3,16
v1|296874221759|0,5,12,6,18,17,6,0,3,8,18
v1|227223779029|0,1,1,1,1,1,1,1,1,1,1
v1|389561639389|0,8,17,17,14,13,13,13,10,14,4
v1|389561544101|0,9,4,15,11,16,12,14,19,15,5
v1|227266790154|0,15,8,8,3,1,8,1,9,7,11
v1|137164260528|0,1,5,10,4,5,3,10,8,8,13
v1|267605935223|0,2,2,7,7,2,2,9,5,6,1
v1|188212101695|0,17,9,18,8,8,5,4,7,1,19
v1|168004874796|0,19,7,6,2,6,4,3,4,2,15
v1|146913469787|0,6,14,13,18,12,17,18,14,9,9
v1|366293663028|0,3,15,1,19,19,16,6,1,10,3
v1|366293723713|0,5,13,16,12,18,15,16,16,16,10
v1|389711997778|0,7,16,12,17,15,14,15,15,11,6
v1|198023261871|0,11,11,9,13,9,9,11,13,17,7
v1|198023264561|0,14,10,19,10,11,11,8,12,18,17
v1|117094778604|0,12,6,11,5,4,7,2,2,4,12
v1|177251833543|0,16,1,1,0,1,1,5,6,1,14
v1|197274382463|0,13,12,5,9,10,10,7,11,19,18
v1|297965743195|0,4,18,14,16,14,19,17,17,13,1
v1|177649260383|0,1,1,3,6,3,1,1,1,5,2
v1|287195606976|0,18,3,2,1,7,6,12,3,3,16
v1|187750328226|0,10,19,4,15,17,18,19,18,12,8
v1|187250334757|0,14,11,1,6,10,6,9,8,5,9
v1|176840346212|0,6,19,16,10,14,13,10,15,13,11
v1|277271827646|0,1,8,19,19,4,9,17,19,19,1
v1|177119940540|0,13,13,14,8,12,18,15,12,6,14
v1|176832582191|0,2,15,17,15,17,16,16,16,12,3
v1|335947091295|0,18,2,11,1,2,7,4,1,1,18
v1|187250301882|0,12,12,7,9,19,17,14,10,7,16
v1|187250349000|0,11,9,5,5,9,4,8,11,4,15
v1|198046217137|0,17,3,12,3,3,1,6,1,2,8
v1|187250305056|0,15,10,6,7,11,5,7,9,8,17
v1|186947460086|0,4,17,15,11,13,14,11,18,11,10
v1|176840428441|0,7,18,13,13,18,19,1,14,14,13
v1|176832371720|0,5,14,3,14,15,15,18,17,10,12
v1|187982653364|0,16,1,4,4,8,8,1,6,3,2
v1|406255984800|0,8,7,10,2,5,11,1,4,16,7
v1|287167108782|0,10,4,8,16,7,2,19,3,17,6
v1|167250152623|0,1,6,2,18,0,10,3,5,15,1
v1|227136678527|0,19,1,1,1,1,3,5,2,1,19
v1|177853231867|0,3,16,18,12,16,12,13,13,9,4
v1|305387355069|0,9,5,9,17,6,1,2,7,18,5
v1|389649371439|656949743005,11,1,1,0,0,1,3,1,0,11
v1|277694465442|0,8,10,10,10,10,2,2,11,11,8
v1|358313968727|0,1,2,4,6,5,6,7,9,1,1
v1|277694496357|0,9,11,11,11,11,3,4,10,10,10
v1|375656071574|0,10,9,1,2,2,1,11,2,2,9
v1|358319489849|0,7,8,2,9,3,11,5,5,9,7
v1|358337939004|0,4,3,8,3,8,8,1,8,7,4
v1|358321528361|0,6,7,3,8,1,9,1,6,8,6
v1|358338799262|0,2,6,9,5,6,7,10,4,5,2
v1|358337989681|0,3,5,7,0,9,4,8,3,4,3
v1|358313980980|0,1,1,5,7,4,5,6,1,3,1
v1|358338812897|0,5,4,6,4,7,10,9,7,6,5
v1|317613120107|0,1,1,1,1,1,1,1,1,1,1
v1|116923655442|417073460630,16,1,1,0,1,1,0,1,0,1
v1|326329221762|515454999602,18,2,4,4,3,2,0,4,5,18
v1|226435840012|525623834316,17,3,5,3,2,3,3,3,6,19
v1|297953338653|0,13,6,11,7,10,6,10,14,16,1
v1|318062743843|0,15,9,7,6,5,10,0,15,17,16
v1|117109494956|0,9,17,14,14,15,18,13,19,13,8
v1|277810079979|0,1,12,1,2,1,1,0,1,0,3
v1|277835174570|0,8,7,10,8,11,7,9,16,15,2
v1|336064903388|0,6,19,3,16,13,19,16,7,9,6
v1|297895802948|0,19,1,2,5,4,4,0,2,7,17
v1|397738572548|0,3,18,19,19,19,15,19,5,4,4
v1|335660430641|0,5,11,12,0,6,5,8,11,8,1
v1|168104694597|0,11,10,6,12,9,9,7,18,14,13
v1|186422139999|694465890487,7,16,15,13,14,17,14,10,12,10
v1|186238540889|694275484253,2,13,18,18,18,14,18,9,2,5
v1|203340505107|503916240237,14,4,8,9,8,11,11,13,19,15
v1|127072917386|0,10,5,13,11,7,8,12,12,10,12
v1|317667823628|616240370847,1,14,16,17,17,13,15,8,3,9
v1|186075856465|694093664689,12,8,9,10,12,12,0,17,18,14
v1|356387120696|625383630271,4,15,17,15,16,16,17,6,11,11
v1|227222794291|0,18,9,10,10,11,12,0,5,10,6
v1|356658281914|0,2,4,7,19,19,11,1,19,19,1
v1|127623886432|0,17,7,1,12,13,14,6,2,5,7
v1|116951890634|417058781847,11,3,1,4,5,3,4,6,11,2
v1|389494166362|0,12,19,17,16,16,17,12,13,14,11
v1|287186234277|0,16,10,9,11,12,13,10,10,12,5
v1|356513048378|0,0,1,6,0,0,1,3,7,1,4
v1|358116233740|0,15,8,14,13,10,15,8,9,13,13
v1|335751333139|0,10,13,12,6,6,4,17,16,6,16
v1|267614866175|0,14,16,15,15,17,18,13,14,16,12
v1|376441429000|0,13,18,16,14,18,19,11,12,15,10
v1|376853356167|0,6,5,2,9,3,8,1,11,1,19
v1|335925747601|0,9,12,11,5,8,5,16,1,7,18
v1|365915906496|0,7,1,4,3,4,2,9,1,2,1
v1|356513002799|0,0,2,5,0,0,1,5,4,3,3
v1|356596896078|0,4,17,19,17,15,10,0,8,18,9
v1|257188357491|0,19,11,3,8,9,7,19,17,9,15
v1|335759297220|0,8,14,13,7,7,6,18,15,8,17
v1|335793349057|0,3,15,18,18,14,9,7,3,17,8
v1|167619791500|0,5,6,8,2,2,16,15,18,4,14
v1|356739188995|0,1,19,1,18,19,19,18,3,19,19
v1|389797384722|0,16,3,3,7,4,7,6,12,3,3
v1|336299906253|0,8,6,19,9,9,16,11,15,8,4
v1|206163613718|0,11,2,5,3,3,2,0,1,2,2
v1|236588703213|0,4,16,10,16,16,15,15,4,16,17
v1|234794985441|0,14,13,11,13,12,8,5,11,15,11
v1|357955387752|0,12,5,17,2,6,5,7,13,6,9
v1|206134362890|0,17,9,13,4,7,4,2,18,5,6
v1|389719613285|0,10,10,14,11,10,14,12,17,11,7
v1|366303700441|0,13,4,6,6,1,3,4,14,4,5
v1|287229163338|0,19,15,9,15,14,9,14,10,14,13
v1|306795782441|0,15,14,4,14,13,10,3,9,13,12
v1|306821346775|0,2,18,7,19,18,18,17,2,18,18
v1|285680721874|0,3,7,18,8,1,1,10,19,1,1
v1|364079695217|633426894510,0,0,12,1,2,0,1,1,1,1
v1|157242812843|0,7,1,15,1,8,12,19,7,12,15
v1|234795268361|0,5,17,1,17,17,17,16,5,17,16
v1|389710375195|0,9,11,2,10,11,13,13,16,10,8
v1|227246873282|0,18,8,16,5,5,6,9,6,7,10
v1|157665536614|0,6,12,8,12,15,11,8,8,9,14
v1|257409775860|0,8,3,5,1,8,3,1,5,1,8
v1|226331155435|0,3,8,3,5,4,7,6,3,3,7
v1|226343085507|0,5,7,2,3,6,4,3,2,4,5
v1|226343109706|0,7,4,1,2,3,6,2,6,1,3
v1|226381838493|0,4,6,1,4,7,8,5,4,5,6
v1|226343110263|0,6,5,4,1,5,5,4,7,2,4
v1|226896825666|0,2,2,6,6,0,2,1,8,6,2
v1|257385283786|0,1,0,7,7,2,1,8,1,8,1
v1|388774217617|0,0,0,8,8,1,0,7,1,7,1
v1|325993183231|0,1,1,1,1,1,1,1,1,1,1
v1|317950373693|0,18,9,18,6,7,13,1,14,11,18
v1|267303826499|0,12,16,14,18,13,17,14,16,17,14
v1|267275579250|0,14,8,19,14,15,11,12,11,13,11
v1|317687101303|0,10,15,12,19,14,15,15,18,15,10
v1|204707332076|0,6,13,9,12,8,9,19,7,6,8
v1|316378920077|0,19,7,17,5,6,12,3,9,7,19
v1|336487039443|0,15,18,16,16,9,16,16,17,16,13
v1|197171538969|0,2,11,13,13,10,10,10,13,10,9
v1|236694880075|0,5,19,11,9,17,8,6,3,19,6
v1|266983857946|0,4,6,1,11,19,6,4,2,5,1
v1|315931469258|0,17,10,7,8,4,1,17,8,8,17
v1|317903971198|0,3,5,1,10,16,5,5,1,4,7
v1|227262178173|0,7,2,2,1,2,3,1,1,2,3
v1|267194078002|0,9,14,10,15,18,7,11,19,18,5
v1|316771452328|0,13,4,15,4,12,18,13,15,14,12
v1|126241010225|0,1,1,3,3,1,2,7,5,0,1
v1|127229669773|0,8,3,5,1,3,4,2,6,3,2
v1|315740440599|0,16,12,6,7,5,14,18,12,9,16
v1|126241009552|0,1,1,4,2,1,1,8,4,0,4
v1|266959633472|0,11,17,8,17,11,19,9,10,12,15
v1|227086992598|0,14,7,5,5,6,8,11,1,5,8
v1|156792875701|0,10,8,14,13,14,15,16,8,10,11
v1|277380221739|0,13,2,10,7,7,5,4,16,7,13
v1|115989446044|0,2,1,13,16,5,16,19,17,16,2
v1|277380200603|0,12,1,9,6,8,6,3,15,6,14
v1|277421713303|0,16,19,3,3,1,3,8,14,3,17
v1|396560453555|0,1,12,19,19,19,18,6,18,18,1
v1|168171365190|0,7,4,16,12,13,14,15,4,12,10
v1|168171381124|0,8,3,11,11,12,11,14,6,13,6
v1|110837612557|0,11,9,7,8,9,9,10,7,9,12
v1|366251152138|0,9,6,6,9,10,7,5,1,8,4
v1|277421950211|0,15,17,1,1,2,1,1,13,2,19
v1|397628829642|0,6,5,15,10,11,10,12,3,11,7
v1|168172538845|0,4,11,17,15,15,12,1,5,15,5
v1|168172529909|0,5,10,12,14,16,13,13,2,14,9
v1|166411388918|0,3,13,8,18,17,17,17,9,17,3
v1|392821517165|0,1,14,18,17,18,19,18,19,19,1
v1|277533457283|0,19,18,2,1,1,1,7,11,1,18
v1|277421706103|0,18,16,1,2,4,2,2,12,1,16
v1|277421704021|0,17,15,4,4,3,4,9,10,4,15
v1|366238223742|0,14,16,10,7,6,10,12,11,11,10
v1|187937280558|0,17,12,6,9,13,16,11,12,13,15
v1|366228425813|0,19,10,5,4,1,17,8,14,7,16
v1|366277005969|0,11,17,12,5,7,9,14,16,10,8
v1|277694186475|2560709121422,0,1,3,0,2,1,1,1,0,2
v1|366238222063|0,16,8,11,1,5,12,9,15,9,12
v1|156836882672|0,12,18,14,10,16,15,13,13,15,13
v1|157694745578|0,9,19,18,19,18,13,19,19,19,19
v1|366298592966|0,15,9,1,2,4,11,10,17,8,11
v1|389067257439|0,8,15,13,3,9,8,3,10,5,7
v1|157694719469|0,10,13,17,16,15,19,18,18,14,18
v1|205200888910|0,13,14,9,11,12,6,4,7,12,6
v1|236578321133|0,5,6,15,18,19,1,16,1,18,1
v1|267070419075|0,3,4,7,14,8,5,6,3,2,5
v1|267429924669|0,1,2,2,12,10,4,2,5,4,14
v1|267023973653|0,2,3,1,13,11,7,1,6,3,9
v1|286768800813|588800400258,6,1,8,6,3,3,1,9,1,3
v1|157227013706|0,18,11,4,8,1,18,7,8,6,17
v1|397105873017|0,7,7,19,17,17,14,17,2,16,1
v1|266376509594|0,4,5,16,15,14,2,15,4,17,4
v1|405105272468|0,10,16,18,12,15,15,4,8,11,13
v1|297861771928|0,1,10,4,9,12,12,19,11,17,4
v1|197989332552|0,18,2,8,3,1,4,5,4,2,19
v1|127564729857|0,15,6,9,4,6,13,9,5,5,16
v1|127402780667|0,9,19,14,16,17,18,15,17,15,1
v1|206127190848|0,17,5,6,6,2,3,6,1,3,18
v1|177992130524|0,5,9,5,13,10,9,14,13,9,8
v1|177307156531|0,11,17,10,14,9,16,12,3,13,14
v1|286108009238|0,13,13,16,11,14,19,7,1,12,12
v1|358373588141|0,16,4,12,1,1,5,10,6,6,10
v1|236558149450|0,19,1,1,2,4,2,1,2,1,17
v1|389691304563|0,4,11,2,10,7,10,1,15,10,7
v1|177047664106|0,14,7,7,7,5,7,8,16,8,9
v1|286036573799|0,1,18,19,18,19,14,17,19,18,3
v1|188087289759|0,2,3,3,8,13,8,13,10,4,6
v1|286228023882|0,8,8,11,5,8,6,11,14,7,11
v1|397524690135|0,3,12,1,17,11,11,18,12,16,5
v1|127402737774|0,6,14,17,19,18,17,16,18,19,2
v1|267225734111|0,7,15,15,15,16,1,3,7,14,1
v1|206148741582|0,12,0,13,1,3,1,2,9,1,15
v1|175710798784|0,18,7,6,3,2,2,6,12,9,18
v1|188074816616|0,11,12,9,12,9,9,13,19,15,10
v1|136565340808|0,15,9,10,9,5,5,15,10,8,15
v1|175705973789|0,10,6,7,2,1,1,5,11,10,14
v1|236168505245|0,1,1,1,7,18,10,1,1,1,5
v1|235664926893|0,4,2,1,5,15,12,3,3,2,3
v1|276739351515|0,14,11,14,17,8,8,9,7,14,11
v1|265243146373|0,8,16,17,14,10,17,18,18,18,8
v1|136565393820|0,16,8,11,8,6,4,14,8,7,16
v1|265243144492|0,7,13,18,16,11,16,8,15,16,7
v1|235664928265|0,3,3,3,4,14,11,4,2,3,2
v1|265243136982|0,9,15,19,15,13,18,17,17,19,9
v1|306166588235|0,2,17,4,6,16,13,2,1,4,4
v1|175700012628|0,17,5,8,1,3,3,12,6,11,17
v1|175705846505|0,13,10,13,10,7,6,10,14,12,12
v1|265243129116|0,6,14,16,13,12,19,16,16,17,6
v1|175705847452|0,12,4,12,11,4,7,11,13,13,13
v1|175705974135|0,19,1,5,1,1,1,1,9,0,19
v1|157539950297|0,5,19,2,19,17,14,7,4,6,1
v1|358011068151|0,1,18,15,18,19,15,19,5,5,1
v1|187662417729|0,9,0,3,0,2,1,0,1,2,15
v1|256945018646|0,3,17,18,15,16,12,17,17,17,16
v1|136629621146|0,19,13,12,11,12,16,7,13,11,12
v1|257268515795|0,0,1,1,2,3,0,4,1,1,1
v1|306775973910|0,15,8,10,9,5,7,2,8,3,3
v1|257358206544|0,10,7,6,3,4,2,1,2,8,2
v1|397495351368|0,14,9,9,4,6,8,8,9,9,11
v1|389012570915|0,18,11,13,10,13,15,3,10,13,8
v1|397660002831|0,16,10,11,12,9,17,9,11,10,1
v1|267618346180|0,2,16,19,17,17,11,15,16,18,14
v1|267515638646|0,4,18,16,18,18,14,18,19,19,18
v1|276729867549|0,13,12,15,13,11,19,12,14,14,10
v1|266090474029|0,5,19,17,19,19,13,19,18,16,19
v1|397624027749|0,11,4,5,0,1,3,6,3,1,4
v1|187776023557|0,12,6,7,8,0,9,14,4,5,1
v1|405602519095|0,6,15,1,16,14,10,16,15,15,17
v1|336464717965|0,8,5,2,7,7,5,10,7,6,5
v1|166037715403|0,17,14,14,14,10,18,13,12,12,9
v1|365307606817|0,7,3,8,6,15,4,11,6,4,6
v1|205267359923|0,1,2,4,5,8,6,1,5,7,7
v1|168165216529|0,12,9,3,10,12,9,11,13,9,5
v1|267616847791|0,16,18,1,9,1,6,2,1,8,6
v1|389793240502|0,3,4,1,19,7,15,16,17,19,16
v1|127739867314|0,6,3,17,17,18,14,17,18,18,18
v1|389793245804|0,19,16,5,3,3,2,13,9,6,8
v1|336497767788|0,4,5,16,18,17,16,15,12,15,1
v1|177974112589|0,7,8,4,12,15,8,12,3,13,1
v1|389793396585|0,9,10,15,14,8,18,1,16,11,4
v1|157210547105|0,8,12,14,13,14,11,14,5,14,14
v1|326735988737|0,17,17,6,2,4,1,5,1,5,7
v1|397762923125|0,2,19,9,7,6,7,7,10,7,12
v1|236665869154|0,15,14,7,6,10,5,4,14,1,2
v1|327059766249|0,13,15,13,8,11,10,6,11,4,10
v1|326739252147|0,14,13,12,16,13,12,8,6,10,11
v1|186865787991|0,5,6,18,15,16,19,18,15,17,17
v1|127772003487|0,1,2,19,1,19,13,19,19,16,15
v1|197952474475|0,11,7,10,5,5,4,10,4,2,13
v1|336497783690|0,10,11,11,11,9,17,9,2,12,3
v1|336425492413|0,0,0,1,4,0,0,1,1,0,19
v1|257295297022|0,18,1,2,1,2,3,3,8,3,9
v1|306842813363|0,6,17,15,12,16,19,1,16,14,4
v1|306842846396|0,4,16,16,13,14,18,16,17,15,5
v1|277708457092|0,8,3,2,2,1,1,1,5,1,18
v1|256732012805|0,0,0,13,16,2,0,1,1,12,1
v1|127117617919|0,16,6,4,4,5,4,12,9,4,15
v1|177501607677|0,19,7,6,6,7,7,13,10,5,16
v1|188029203446|0,14,11,11,10,11,6,5,13,10,11
v1|187646120637|0,17,13,7,1,4,10,4,15,3,14
v1|187552545323|0,9,4,3,3,1,2,2,1,2,19
v1|127652506957|0,12,15,10,9,12,11,10,12,11,10
v1|397112938779|0,18,5,1,5,6,5,8,8,1,17
v1|306783329690|0,5,14,17,14,15,17,14,3,13,3
v1|377055672125|0,1,1,19,17,19,14,15,19,17,7
v1|187540472564|0,10,12,9,1,10,9,7,14,9,12
v1|327053924561|0,11,8,8,7,3,3,11,6,6,8
v1|227188799386|0,7,19,14,15,13,15,18,2,16,6
v1|406774458857|0,2,18,18,19,18,16,17,18,19,2
v1|168139974292|0,3,2,1,18,17,13,19,4,18,1
v1|147206999338|0,15,9,12,11,9,8,6,7,7,13
v1|306819623645|0,13,10,5,8,8,12,9,11,8,9
v1|114414082717|0,14,18,15,13,14,14,16,13,14,9
v1|406725160690|0,1,13,10,6,6,10,10,8,6,6
v1|157756970689|0,13,17,11,12,13,12,19,16,13,12
v1|115275044376|0,11,11,16,14,19,13,6,14,7,5
v1|157756951864|0,16,19,12,11,11,17,1,19,12,11
v1|166373689215|0,18,15,1,8,9,18,14,18,8,7
v1|166817419859|0,17,14,14,9,10,19,13,17,9,8
v1|236493391683|0,6,7,7,5,1,1,4,1,15,14
v1|168105046145|0,10,12,9,17,16,6,9,9,16,3
v1|406323621067|0,2,3,4,1,7,4,3,3,2,16
v1|336196271383|0,5,2,3,3,3,3,1,6,4,17
v1|265543061506|0,8,9,18,19,17,8,17,10,18,1
v1|406215080294|0,19,1,8,7,8,11,8,1,5,13
v1|297872470955|0,1,5,2,4,4,5,7,4,1,18
v1|198040755682|0,12,8,17,15,15,15,11,12,10,4
v1|267617609827|0,9,6,1,16,1,7,2,1,17,1
v1|355797235571|0,3,4,6,2,5,2,15,5,3,15
v1|265261611771|0,7,10,19,18,18,9,18,11,19,2
v1|365909143203|0,4,1,5,1,2,1,5,2,1,19
v1|317345733412|0,15,16,13,10,12,16,12,15,11,10
v1|336496001530|0,9,3,1,17,11,12,8,8,11,9
v1|397742093281|0,16,10,4,3,4,8,4,17,6,14
v1|306843891165|0,6,18,11,11,17,4,16,4,17,6
v1|336496001565|0,11,9,16,7,7,10,3,7,5,13
v1|375297379921|0,19,4,2,1,1,18,2,19,1,19
v1|406567176144|0,18,2,6,1,5,19,11,16,2,18
v1|205322887433|0,10,8,7,2,6,16,5,13,8,11
v1|376531205953|0,12,11,3,5,9,14,9,11,7,17
v1|157743008414|0,2,5,10,10,2,1,1,6,14,2
v1|336120765506|0,8,15,13,18,12,11,13,9,12,10
v1|168232309183|0,7,12,8,16,8,6,7,14,13,8
v1|276765596217|0,15,7,17,6,3,15,6,18,3,16
v1|205322887226|0,4,16,1,15,15,3,17,3,16,5
v1|198194041170|0,3,19,15,14,16,2,1,2,19,4
v1|387133083740|0,17,6,12,4,1,17,1,12,4,15
v1|286264295333|0,13,14,5,9,13,13,12,10,10,7
v1|298030910548|0,1,1,19,19,14,1,19,1,0,1
v1|205322887219|0,5,17,1,12,18,5,15,5,15,3
v1|387133417819|0,14,13,18,8,10,9,10,15,9,12
v1|205322887487|0,1,1,9,13,19,7,18,1,18,1
v1|276928089789|0,13,16,5,9,15,11,14,7,12,11
v1|277510970878|0,6,5,17,2,5,7,8,10,15,14
v1|177976769625|0,7,7,8,6,7,2,2,1,4,2
v1|256847286037|0,16,18,10,14,19,14,13,19,13,1
v1|185890010974|693894131663,15,19,9,16,18,9,11,17,8,8
v1|126604808763|0,3,0,15,3,4,5,1,6,2,15
v1|126935511849|0,4,8,3,10,8,3,10,5,14,13
v1|115344776234|0,9,14,18,12,17,16,16,18,11,7
v1|396976069362|0,19,2,16,0,6,1,4,11,6,19
v1|388958419540|0,18,0,13,0,3,4,1,3,1,18
v1|376348820859|0,5,6,14,4,2,6,7,2,3,16
v1|185890006199|693894339508,0,3,12,7,0,8,6,4,0,4
v1|236712369032|0,10,13,11,17,14,13,18,16,9,9
v1|116718895914|0,14,17,7,13,11,12,17,1,7,3
v1|227112869403|0,1,4,1,5,1,1,5,8,18,5
v1|287005380879|0,11,15,1,15,16,15,15,15,10,10
v1|127615730054|0,17,9,19,8,13,10,3,12,5,17
v1|265037701480|0,12,12,2,18,12,17,12,14,17,12
v1|383672657515|652075308451,8,10,6,11,9,19,19,13,16,1
v1|363836427127|0,2,11,4,19,10,18,9,9,19,6
v1|175518688689|0,16,13,15,8,4,8,8,17,7,14
v1|157262619928|0,1,10,17,11,5,11,12,11,12,11
v1|267372644691|0,14,14,13,9,9,7,11,14,8,16
v1|397760945104|0,13,1,2,3,2,2,2,6,2,6
v1|267094329231|566850323588,3,6,9,17,18,17,13,10,14,2
v1|267372629247|567155885310,2,18,10,19,13,15,18,13,19,7
v1|397760917736|0,17,2,3,4,1,1,1,1,1,8
v1|376808677114|645394018248,18,11,18,1,7,4,10,7,5,18
v1|121056186791|0,12,17,19,10,10,9,15,15,10,13
v1|397760932567|0,15,1,4,5,1,1,1,4,1,9
v1|389481202225|0,19,12,8,6,3,3,9,3,6,19
v1|257072090892|0,8,15,12,1,12,6,19,16,9,12
v1|175542809032|474877367274,11,16,14,2,8,5,16,18,11,17
v1|157262619867|0,6,7,5,14,17,19,6,9,17,3
v1|357552956556|0,9,19,11,18,6,16,17,12,18,1
v1|227212002599|0,4,4,1,15,19,18,5,8,16,4
v1|357970409983|0,1,3,7,12,15,14,7,5,4,1
v1|326991801572|0,10,9,16,7,11,10,14,19,13,15
v1|227212002769|0,7,5,1,16,14,13,3,1,3,5
v1|227214770426|0,5,8,6,13,16,12,4,2,15,10
v1|327059071547|0,13,4,8,6,5,7,10,5,5,16
v1|257389062205|0,8,8,14,9,9,9,3,6,7,7
v1|277474918370|2560577466472,4,16,17,17,12,15,16,17,17,2
v1|227151898792|0,10,6,10,12,7,5,4,9,10,12
v1|275126290769|0,14,3,1,2,0,3,8,2,1,10
v1|127410934587|0,1,12,1,13,17,12,1,10,12,1
v1|275126473903|0,15,2,1,4,0,8,9,1,1,1
v1|284616865469|0,16,1,1,5,0,2,11,4,4,1
v1|225330323772|524316395991,5,17,16,15,15,17,17,16,15,5
v1|275126491550|0,17,1,1,3,0,4,7,3,3,15
v1|355998019294|625047422248,3,11,15,16,16,16,1,15,16,3
v1|285104705695|0,7,13,5,10,10,11,13,14,9,6
v1|123743374020|0,9,10,9,1,4,1,2,1,2,17
v1|395891407465|0,6,9,11,11,11,10,12,13,8,8
v1|286137105310|0,12,5,6,7,8,6,6,7,11,13
v1|187405901436|0,2,14,13,14,14,14,14,11,13,4
v1|187405901124|0,1,15,12,1,13,13,15,12,14,1
v1|405477382039|0,11,7,7,8,6,1,5,8,6,11
v1|306839447914|0,16,8,4,8,5,14,15,6,16,16
v1|397591556533|665957464397,7,18,14,16,16,17,10,15,18,5
v1|397577724029|665948752756,6,5,15,17,15,4,8,2,7,4
v1|236670021978|0,0,1,2,0,2,0,6,1,2,8
v1|306839026343|0,18,10,5,10,6,15,18,10,14,15
v1|389591077382|0,15,7,7,9,12,10,17,7,11,17
v1|358351480944|0,14,4,3,6,3,5,1,4,10,13
v1|306793918770|0,19,9,6,4,8,9,16,8,6,18
v1|205288710592|0,11,14,11,12,10,11,3,12,1,9
v1|376979009571|0,13,6,9,5,0,18,14,11,12,14
v1|377064181412|0,4,3,1,3,13,3,2,1,0,2
v1|236644878296|0,12,15,10,11,11,12,13,5,15,12
v1|168153127457|0,2,16,19,15,14,19,7,18,17,3
v1|116908822098|0,10,2,1,2,1,2,1,3,5,1
v1|375252025599|0,5,19,18,18,18,6,5,17,4,7
v1|318012786332|616627570236,8,13,12,13,4,7,12,14,9,11
v1|176640176641|0,3,17,16,19,19,8,9,19,19,6
v1|406439142186|0,17,11,8,7,7,13,19,9,13,19
v1|326916772506|0,1,0,17,0,17,0,4,16,3,1
v1|236694120029|537192578420,9,12,13,14,9,16,11,13,8,10
v1|155760904149|0,18,7,4,10,6,7,2,10,10,16
v1|406699327175|0,19,8,3,9,5,6,3,12,9,17
v1|365657642836|0,14,0,2,3,3,4,14,7,2,19
v1|314926185254|0,3,12,18,13,12,11,7,4,1,1
v1|358324072806|0,7,17,16,17,13,18,10,15,17,3
v1|187524039673|0,6,15,14,14,19,15,17,18,15,11
v1|277703976327|0,4,6,8,7,9,9,4,9,11,13
v1|115805547066|0,8,14,15,16,16,19,16,16,13,7
v1|233486493355|0,11,19,13,15,18,16,19,19,16,6
v1|311233309829|0,10,16,7,19,15,12,9,13,18,4
v1|165943973311|0,9,18,17,18,14,17,13,14,19,8
v1|357631150517|0,5,0,12,11,10,14,18,17,14,10
v1|306842466011|0,15,9,1,4,7,3,1,8,5,12
v1|117010782240|0,17,5,9,8,8,8,15,11,12,15
v1|168248900814|0,16,0,11,2,4,5,6,6,4,18
v1|377044057082|0,12,13,5,1,17,13,11,2,8,9
v1|257008880924|0,2,11,19,12,11,10,0,3,6,1
v1|377064187522|0,13,0,0,0,1,1,12,1,0,5
v1|156693925537|0,1,10,1,6,1,0,1,1,7,2
v1|176385463457|0,0,0,10,5,2,2,5,5,3,14
v1|188052253270|0,11,14,13,11,12,13,9,11,14,16
v1|188056139525|0,14,9,12,10,13,11,12,9,11,8
v1|263573645723|0,0,2,3,3,16,3,7,5,2,2
v1|256014762372|0,9,18,18,19,4,18,2,12,17,14
v1|276140296341|0,8,17,19,18,5,17,10,18,16,12
v1|165905777388|0,19,6,4,5,10,4,18,8,6,11
v1|166912924500|0,7,19,17,17,7,16,11,13,15,15
v1|254371231618|0,10,5,9,13,1,10,1,15,12,19
v1|165321897745|0,16,10,6,9,15,6,14,17,7,9
v1|234607440805|0,13,12,10,14,1,9,3,14,13,18
v1|251614519518|0,5,16,15,15,6,15,15,19,18,13
v1|232198952350|0,15,8,8,7,9,8,13,16,10,7
v1|404748161496|0,17,11,7,8,14,7,19,6,8,10
v1|116985047774|0,0,3,2,4,19,1,4,2,3,1
v1|294274794351|0,4,4,14,1,8,14,5,1,5,5
v1|264197833623|0,0,1,1,1,17,2,8,4,1,3
v1|371009057090|0,12,13,11,12,3,12,17,10,4,17
v1|371083019576|0,6,15,16,16,2,19,1,1,19,4
v1|263483102000|0,0,1,1,2,18,1,6,3,1,1
v1|294897900669|0,18,7,5,6,11,5,16,7,9,6
v1|116625239139|0,16,9,6,6,14,15,10,13,5,10
v1|397236927048|0,15,5,2,11,16,14,15,15,10,15
v1|267027823958|0,2,1,1,0,1,1,1,1,0,1
v1|236621521138|0,1,18,16,14,1,4,2,1,16,3
v1|186534389044|0,17,3,3,1,19,17,12,11,3,13
v1|265781120902|0,14,8,8,8,15,13,17,14,7,14
v1|153621217076|0,5,16,19,17,3,3,3,19,18,2
v1|236128119424|0,19,2,5,2,17,19,13,9,2,19
v1|256241919026|0,11,4,1,4,11,16,14,10,4,12
v1|358377402880|0,18,1,4,3,18,18,11,8,1,18
v1|154889507691|0,13,7,9,7,10,12,9,12,8,11
v1|377063896253|0,12,6,10,10,12,9,19,16,6,1
v1|126491096396|0,8,10,7,5,13,11,18,7,9,5
v1|114510475504|0,4,17,15,19,2,7,1,4,19,4
v1|177264802806|0,3,13,13,16,6,2,1,5,14,6
v1|394227914237|0,6,11,18,15,5,1,5,3,15,17
v1|235975792291|0,10,14,11,12,9,10,16,18,11,7
v1|162916383931|0,1,19,17,18,4,6,4,6,17,16
v1|406780611497|0,9,15,12,13,8,8,8,17,13,9
v1|234221167913|0,7,12,14,9,7,5,7,2,12,8
v1|365936023435|0,1,1,1,1,1,1,1,1,1,1
v1|365936023436|0,1,1,1,1,1,1,1,1,1,1
v1|313642494263|612444302642,15,7,11,11,5,8,5,3,16,15
v1|277731979618|0,7,0,15,14,0,5,16,14,2,6
v1|132407934493|0,9,10,14,13,14,2,2,1,8,7
v1|222100576810|0,3,17,17,18,18,19,17,17,10,3
v1|265495224841|565304172075,17,3,2,2,2,4,8,5,6,18
v1|156016455237|456586267692,1,6,1,6,8,13,7,11,1,1
v1|156016455099|456586460867,12,15,5,8,11,11,10,12,19,12
v1|275844406361|577637471627,5,5,12,5,12,10,13,9,18,9
v1|265273377354|565137668943,11,11,13,4,15,3,11,1,17,8
v1|167147825312|0,18,2,1,1,1,1,3,8,3,5
v1|275844364911|577637552557,6,13,4,15,9,16,12,13,13,10
v1|265495225408|565304274705,19,1,7,1,7,1,4,2,4,19
v1|133310662775|0,2,19,18,16,17,17,19,18,11,4
v1|317734451528|616628943880,14,9,10,12,4,7,6,4,15,14
v1|155361634671|0,1,16,19,19,16,14,1,19,1,1
v1|155715685955|456080001288,13,14,6,7,10,12,9,10,14,13
v1|275844406680|577637631701,10,4,9,10,6,9,14,7,7,17
v1|226036591683|0,4,18,16,17,19,18,18,16,9,2
v1|224729339306|0,8,12,3,9,13,15,15,15,12,11
v1|394438804357|0,16,8,1,3,3,6,1,6,5,16
v1|315640839066|0,18,2,7,0,11,2,1,7,1,18
v1|357755445348|0,3,16,19,18,18,18,10,19,18,11
v1|263508210870|0,12,18,3,13,13,12,6,6,3,2
v1|185765703471|0,7,17,16,17,15,14,11,17,19,17
v1|356710319607|0,2,15,17,19,16,19,13,15,5,12
v1|141878875126|0,9,19,6,14,19,17,19,18,16,16
v1|257277028133|0,1,14,18,16,14,15,12,14,17,7
v1|146426246932|0,11,13,15,15,17,16,15,16,15,8
v1|298129923138|0,19,0,2,0,1,1,3,1,4,1
v1|366033185915|0,1,3,1,0,1,13,5,5,2,1
v1|192823360389|0,17,1,1,0,12,1,1,8,1,19
v1|236666893488|0,15,9,5,7,8,7,7,3,8,5
v1|406786576440|0,16,10,4,4,9,6,2,4,9,13
v1|117098379831|0,5,5,14,11,6,8,16,2,12,10
v1|406786711563|0,14,7,11,12,2,5,8,10,6,4
v1|127721042525|0,4,12,13,10,5,9,18,11,14,9
v1|117098497311|0,6,4,8,8,4,11,17,1,10,6
v1|406786735261|0,8,11,9,9,7,10,14,12,13,3
v1|127721306150|0,13,8,10,6,10,4,4,9,7,14
v1|117098350691|0,10,6,12,5,3,3,9,13,11,15
v1|304170262528|0,10,14,13,8,9,10,15,10,12,6
v1|265152009341|0,1,1,1,17,18,1,1,1,19,1
v1|397643639875|0,11,8,2,7,11,11,19,7,11,15
v1|264625576092|0,15,5,8,1,4,16,4,4,4,17
v1|177015899844|0,19,2,3,3,1,13,3,3,1,12
v1|406713318404|0,12,9,10,4,2,17,13,9,8,16
v1|317645551737|0,17,18,6,16,5,18,6,5,5,18
v1|271944198303|0,9,16,12,6,13,8,7,12,13,7
v1|281967752938|0,14,19,7,9,8,19,14,11,7,19
v1|235797940649|0,4,10,14,13,7,6,8,13,10,10
v1|357181530991|0,16,4,1,1,1,14,2,1,3,11
v1|277736035355|0,5,6,9,12,16,4,16,8,9,9
v1|283903393563|0,2,17,11,14,12,9,17,16,14,14
v1|187576325380|0,1,1,19,18,19,2,1,18,18,1
v1|187924089414|0,7,13,16,10,14,7,11,19,17,4
v1|397478850013|0,3,11,18,19,17,3,10,14,6,2
v1|357449120372|0,13,7,4,5,6,1,18,6,2,13
v1|124721120275|0,18,3,5,2,3,15,9,2,1,3
v1|361958737453|0,6,12,17,11,15,5,5,17,15,8
v1|206068591413|0,8,15,15,15,10,12,12,15,16,5
v1|197213675926|0,15,5,15,1,1,6,5,13,4,3
v1|364154299937|0,8,13,7,11,15,8,9,8,13,8
v1|305966107891|0,12,7,10,10,8,4,13,14,6,16
v1|277703976258|0,17,1,12,2,3,1,1,10,1,18
v1|256950193318|0,13,11,19,8,17,10,17,19,18,12
v1|257114249389|0,5,16,3,14,19,15,2,2,15,6
v1|357010365196|0,3,19,6,18,11,14,19,1,8,1
v1|305259229221|0,19,2,11,3,5,2,7,5,1,15
v1|156924770748|0,1,6,16,13,14,18,16,16,16,9
v1|355520121875|0,9,14,8,12,9,17,18,7,12,14
v1|186389504596|0,16,4,14,1,2,7,4,12,3,17
v1|355800421336|0,18,3,1,4,4,5,8,11,2,4
v1|166285108042|0,10,8,17,7,7,9,15,15,11,13
v1|116799235252|0,14,1,2,6,6,3,6,9,5,19
v1|366175166685|0,1,9,1,16,12,0,1,3,7,2
v1|186918051948|0,11,10,18,9,18,11,11,17,19,11
v1|354933141031|0,6,15,9,15,13,16,14,4,14,1
v1|306815706338|0,2,18,5,17,1,12,10,6,9,7
v1|188074060630|0,7,12,13,5,16,19,12,18,17,10
v1|395565953083|0,4,17,4,19,10,13,3,1,10,5
v1|252393046230|0,15,4,4,5,4,15,8,16,6,16
v1|117104432418|0,7,16,18,12,15,1,14,2,13,3
v1|254179132984|0,1,12,12,10,10,3,17,11,11,10
v1|354890021488|0,8,19,8,14,19,9,15,13,12,9
v1|355522456162|0,12,8,9,8,8,12,9,7,8,13
v1|254141034542|0,10,11,11,13,9,8,18,12,7,11
v1|156423370578|0,6,1,1,6,6,6,1,1,10,5
v1|257218642147|0,11,9,10,11,12,11,12,10,9,8
v1|286886680390|588910871276,4,15,14,18,17,4,13,3,16,6
v1|285345685128|0,5,17,16,16,14,1,11,6,18,4
v1|355898456113|624957475972,13,10,19,9,11,18,10,9,14,14
v1|376728124784|645334688575,19,1,5,2,2,10,5,18,3,19
v1|197999081912|0,3,13,15,19,13,2,16,1,19,1
v1|117086025110|0,17,6,1,1,1,17,6,15,1,18
v1|260909635636|0,9,18,13,15,18,5,19,4,15,7
v1|285631007564|0,2,14,17,17,16,7,1,5,17,2
v1|257411302434|0,18,2,7,1,1,16,4,19,2,17
v1|115345772576|0,16,5,1,3,5,14,3,14,1,15
v1|287181847533|0,1,3,3,4,3,19,7,17,5,1
v1|156797519972|458561007844,14,7,2,7,7,13,2,8,4,12
v1|326307159736|0,6,9,7,8,8,9,8,7,9,7
v1|177994391593|0,5,5,1,6,5,2,0,0,2,3
v1|177991657611|0,4,3,1,3,4,1,0,0,3,1
v1|326307166340|0,7,6,8,7,9,8,4,9,8,6
v1|316252910253|0,8,8,5,4,6,6,9,6,6,9
v1|225552270112|0,9,7,6,5,7,7,7,8,7,8
v1|267568265114|567384949681,0,2,9,9,3,3,0,3,1,1
v1|157497067077|0,3,4,2,2,0,0,3,2,0,2
v1|376226080406|0,1,0,3,0,0,5,6,4,5,5
v1|376226080403|0,2,0,4,0,0,4,5,5,4,4
v1|147164956465|0,8,11,9,15,10,5,19,18,11,16
v1|358214435929|0,5,2,8,14,14,18,9,11,9,7
v1|358214437466|0,10,15,2,7,11,11,8,9,8,10
v1|205979852187|0,11,18,15,16,13,12,12,10,17,12
v1|297437355635|0,14,12,19,17,12,6,18,17,18,15
v1|206159772665|0,6,6,6,11,19,17,14,12,7,3
v1|389776214691|0,7,3,4,9,18,9,17,14,4,4
v1|227196724470|0,9,19,18,19,9,15,16,6,12,11
v1|376692489882|0,17,10,1,4,3,3,1,2,1,9
v1|366254827595|0,3,7,5,12,8,10,3,13,5,5
v1|298118529624|0,0,1,1,0,1,0,10,19,1,1
v1|206154551498|0,1,5,3,8,1,7,2,1,3,6
v1|145855046368|0,4,1,16,13,7,19,13,7,6,13
v1|366213308840|0,12,16,17,18,15,14,15,16,19,19
v1|365587827232|0,15,9,13,6,17,16,6,8,13,1
v1|298136191803|0,19,17,14,5,5,13,5,5,16,17
v1|296514510722|0,13,8,10,1,2,4,1,1,2,2
v1|395508229565|0,16,14,11,2,6,1,4,4,14,14
v1|298136191253|0,18,13,12,3,4,2,7,3,15,18
v1|366213308901|0,2,4,7,10,16,8,11,15,10,8
v1|176420593380|0,4,5,8,3,4,5,3,3,4,8
v1|267543694995|0,2,2,1,0,0,2,0,1,0,1
v1|177876552827|0,9,6,4,10,8,7,7,8,8,5
v1|389795559471|0,1,0,1,0,0,1,0,1,0,1
v1|232681787190|532170007827,5,4,9,5,5,0,10,5,3,7
v1|146895707436|0,3,3,3,4,3,4,4,4,5,9
v1|405938958897|0,0,1,2,2,2,3,2,2,2,10
v1|226910845766|0,10,8,5,7,10,8,9,6,9,6
v1|306716437524|0,6,7,6,9,7,9,5,7,6,4
v1|358251719195|0,8,9,7,8,9,6,6,9,7,3
v1|195484885428|0,7,10,10,6,6,10,8,10,10,2
v1|397740311800|0,13,14,4,10,2,1,5,18,5,19
v1|327022712750|0,1,5,15,18,16,18,10,5,19,3
v1|327022714572|0,5,6,16,19,19,19,15,3,16,4
v1|115910491373|0,11,17,7,9,7,9,13,16,11,17
v1|298115471950|0,3,4,19,16,18,17,18,6,18,2
v1|298152583588|0,2,3,14,17,17,15,19,10,15,6
v1|236640722768|0,7,9,8,8,11,8,4,8,9,13
v1|287099655540|0,18,13,13,7,10,7,1,19,10,18
v1|157774248276|0,12,15,1,14,14,10,14,14,12,16
v1|406014745224|0,17,12,1,5,9,11,1,1,3,8
v1|405463053558|0,14,18,11,13,12,6,7,7,13,14
v1|405643910729|0,8,8,12,12,8,13,12,9,8,10
v1|405643662130|0,4,2,18,15,15,16,17,4,17,5
v1|167971162497|0,0,1,17,1,0,14,16,2,1,1
v1|115908726271|0,9,7,9,6,6,2,2,12,6,7
v1|375925940069|0,10,11,3,4,1,0,3,13,1,12
v1|405642341506|0,19,16,5,1,3,5,8,17,4,15
v1|405463169367|0,15,19,6,3,13,3,9,15,14,11
v1|316756050911|0,6,10,10,11,5,4,6,11,7,9
v1|256771625459|0,16,1,2,2,4,12,11,1,2,1
v1|256661221058|0,8,9,13,19,11,12,10,14,18,10
v1|187910251222|0,10,1,15,14,15,6,17,15,15,6
v1|127757735829|0,4,6,1,17,16,3,16,5,14,5
v1|406438848156|0,14,18,12,9,8,11,2,10,8,17
v1|358348051628|0,17,17,9,5,3,16,15,3,1,19
v1|358348052306|0,1,3,4,15,19,4,1,18,11,4
v1|358348051632|0,19,15,5,3,1,17,5,1,4,18
v1|397759684144|0,0,1,1,0,0,0,8,1,0,1
v1|358348052170|0,7,2,16,12,10,9,6,16,17,1
v1|358348053202|0,9,13,17,13,13,10,18,12,16,8
v1|358348053208|0,5,7,14,18,14,5,19,17,19,9
v1|358348053210|0,16,19,6,7,7,19,9,6,7,15
v1|358348053214|0,15,14,7,8,6,18,4,8,9,13
v1|305800979348|0,6,8,18,2,12,8,11,11,6,7
v1|198218166297|0,2,4,2,16,18,0,13,19,12,3
v1|198218169150|0,3,5,3,1,17,2,14,4,13,2
v1|358348051147|0,13,12,19,11,4,14,12,13,10,14
v1|358366011544|0,18,16,10,4,2,15,3,2,5,16
v1|198218168551|0,12,11,8,6,5,13,1,7,3,12
v1|198218167504|0,11,10,11,10,9,7,7,9,2,11
v1|256278342061|0,1,1,1,0,1,1,1,1,1,1
v1|320817048310|0,16,2,3,16,4,3,2,17,4,15
v1|127351616253|0,0,19,19,19,19,0,19,19,19,1
v1|114122238625|0,14,13,17,15,9,10,17,9,10,1
v1|293484151933|0,2,15,14,5,12,12,14,5,17,9
v1|293484152006|0,6,17,9,11,14,2,7,6,11,14
v1|293484151622|0,5,8,18,10,11,13,15,2,13,2
v1|313002582724|0,11,10,10,13,13,15,1,11,18,10
v1|313002583025|0,12,18,8,2,18,1,5,12,8,4
v1|114122238643|0,4,16,7,8,15,18,8,7,14,5
v1|293484151766|0,13,7,15,9,7,9,16,10,12,7
v1|394114079991|0,18,1,2,18,5,4,1,15,1,18
v1|293484152155|0,3,6,6,4,8,19,6,13,15,6
v1|313002583460|0,9,11,11,7,17,17,11,3,7,8
v1|293484151582|0,7,9,16,3,10,16,12,1,9,13
v1|293484151631|0,8,14,5,1,2,11,18,8,6,12
v1|394114089346|0,19,1,1,14,1,6,1,16,3,19
v1|325229352806|0,17,4,1,12,1,7,4,18,2,16
v1|293484151559|0,10,12,12,6,16,8,13,1,5,3
v1|394114086760|0,15,3,4,17,3,5,1,14,1,17
v1|313002582941|0,1,5,13,1,6,14,9,4,16,11
v1|275089948290|0,1,5,5,5,5,5,5,5,5,0
v1|135929585819|0,4,1,2,2,2,1,3,2,1,5
v1|356616953581|0,3,4,4,3,4,3,2,4,3,4
v1|156100409571|0,2,3,3,4,3,4,1,3,4,3
v1|286039069543|0,5,2,1,1,1,2,4,1,2,1
v1|166631836323|0,0,0,0,0,1,0,1,0,0,2
v1|136560600255|0,17,19,16,6,18,7,19,13,5,16
v1|303888937742|0,13,15,15,12,15,10,16,10,6,17
v1|287224504784|0,0,2,2,1,5,1,7,3,2,1
v1|355348095200|0,7,12,13,16,9,17,3,5,19,11
v1|397520713504|0,9,11,6,4,3,5,8,14,10,13
v1|404950776887|0,10,14,12,10,11,18,12,16,12,15
v1|227272501887|0,19,18,19,7,14,13,15,11,8,19
v1|404832623040|0,4,13,11,14,10,15,5,8,14,10
v1|366305883618|0,12,4,1,8,1,11,14,1,9,5
v1|326848967034|0,11,7,14,9,13,12,13,17,11,12
v1|325275264119|0,8,9,10,13,12,8,10,18,15,9
v1|317964048447|0,5,8,8,17,19,14,11,4,18,6
v1|168249941235|0,16,3,3,2,6,2,1,2,3,2
v1|326144251887|0,2,6,9,15,7,19,4,6,16,8
v1|327008748598|0,15,1,5,1,4,3,2,1,1,1
v1|234923391240|0,0,1,1,19,1,1,1,19,1,1
v1|305441132256|0,14,17,18,3,17,6,17,12,4,3
v1|318037413470|0,3,5,4,18,8,16,6,7,17,7
v1|376374830588|0,6,10,7,5,2,4,9,15,13,14
v1|305441650945|0,18,16,17,11,16,9,18,9,7,18
v1|168199693905|0,0,0,5,2,2,0,13,3,8,1
v1|357994645135|0,0,0,14,4,7,8,17,4,16,2
v1|168082655197|0,5,7,7,7,3,0,3,11,18,6
v1|255390748318|0,0,12,12,19,11,12,5,8,15,13
v1|236479150455|0,15,1,6,15,16,15,0,13,6,8
v1|318017640206|0,17,11,3,10,13,9,1,7,10,15
v1|336302982852|0,14,14,17,16,15,19,7,15,5,10
v1|317566556493|0,13,18,15,18,14,16,10,12,4,9
v1|134728737210|0,0,5,9,0,5,0,18,1,9,4
v1|267291923125|0,18,19,1,9,1,13,2,19,1,19
v1|377061525358|0,9,9,11,8,10,7,14,9,14,16
v1|316115052431|0,16,10,2,11,9,10,16,10,11,17
v1|336302984185|0,12,15,18,17,19,17,11,14,7,7
v1|126966854898|0,0,8,13,5,4,0,6,2,17,5
v1|336428905092|0,2,0,10,0,6,0,4,1,19,3
v1|315167177612|0,19,17,1,12,12,11,19,18,12,18
v1|236557104179|0,10,13,19,13,17,14,8,17,2,11
v1|317716858839|0,11,16,16,14,18,18,9,16,3,12
v1|126827426152|0,7,4,4,0,0,0,1,6,0,14
v1|227062109397|0,6,6,8,6,8,6,15,5,13,1
v1|377057869879|0,13,13,9,7,3,7,6,8,9,14
v1|227237124184|0,15,12,4,11,1,10,4,1,3,16
v1|306775835056|0,18,15,10,5,8,2,1,6,8,7
v1|188121173623|0,12,11,5,12,4,8,3,1,10,11
v1|147188265007|0,17,16,11,4,9,11,1,11,13,13
v1|376964318115|0,16,14,1,8,6,4,7,2,4,10
v1|127699260379|0,9,0,12,1,10,3,9,3,7,9
v1|364073187798|633416078617,4,7,17,17,16,16,17,15,17,1
v1|366203686547|0,10,17,8,10,5,6,11,9,6,17
v1|358198459862|0,19,19,7,3,1,1,10,10,12,18
v1|197974670458|0,8,2,2,1,11,9,12,7,2,8
v1|389570389849|0,14,10,6,9,7,12,5,5,5,15
v1|406794153288|0,1,8,16,18,18,19,15,14,19,1
v1|314941410158|0,1,1,19,19,19,17,19,4,1,6
v1|363672124195|632895938856,6,3,1,2,15,14,13,18,14,3
v1|275514536599|576419624055,2,6,18,16,12,15,16,19,1,2
v1|316361297162|0,7,9,13,13,17,18,14,13,18,19
v1|366115156716|0,11,18,3,6,2,5,8,12,11,12
v1|145415847405|444598978270,5,5,14,15,13,0,2,17,15,5
v1|145415380026|444598527362,3,4,15,14,14,13,18,16,16,4
v1|273365053510|572739183585,1,1,1,1,1,1,1,1,1,1
v1|389702280167|0,1,1,1,1,1,1,1,1,1,1
v1|306843880015|0,11,16,8,8,8,13,17,7,6,11
v1|306843880042|0,2,8,14,14,6,15,15,16,17,13
v1|127486651863|0,19,1,7,1,9,5,10,3,5,19
v1|298162172413|0,5,18,18,15,14,6,18,14,19,7
v1|265992417284|0,14,6,3,5,1,2,16,1,0,16
v1|298162107978|0,1,7,15,19,18,17,1,18,15,1
v1|257262451626|0,10,14,1,13,15,8,19,6,12,10
v1|298074132197|0,6,4,2,4,1,1,1,1,0,3
v1|396511552000|0,13,17,10,10,7,11,4,13,10,14
v1|227118068849|0,17,1,1,1,3,1,8,2,2,6
v1|364042620544|0,15,5,4,6,2,3,3,8,7,15
v1|287219693184|0,7,19,17,16,13,7,5,15,14,8
v1|236034230278|0,1,2,5,3,4,4,9,5,3,5
v1|256792214134|0,18,3,6,2,5,9,11,4,9,18
v1|364651022966|0,3,10,16,17,19,19,2,19,16,1
v1|257352500977|0,12,12,11,9,10,10,14,12,4,4
v1|306843876731|0,8,15,9,12,12,14,13,10,11,12
v1|357815981666|0,16,11,13,7,11,12,12,11,8,17
v1|157504234360|0,9,13,12,11,16,16,7,9,13,9
v1|205612255653|0,4,9,19,18,17,18,6,17,18,2
v1|186772524154|0,1,1,1,1,1,1,1,1,1,1
v1|185415531618|0,1,1,1,1,1,1,1,1,1,1
v1|336440531894|0,17,1,1,1,6,4,5,7,3,17
v1|177087851164|0,7,18,2,14,15,14,8,19,13,19
v1|257389145957|0,3,14,16,16,16,15,17,17,15,5
v1|336440537672|0,18,1,4,1,1,3,6,8,2,16
v1|336402725863|0,14,10,8,5,7,5,11,10,10,18
v1|146824418466|0,8,11,9,8,12,9,1,3,7,15
v1|157147550915|0,10,16,14,12,14,13,10,14,12,7
v1|385624595723|0,4,15,13,15,3,1,2,6,14,4
v1|326955220591|0,13,5,3,4,5,8,4,4,6,14
v1|255660515689|0,19,2,5,2,1,2,1,9,5,6
v1|376051790350|0,12,9,10,9,9,10,14,5,8,8
v1|157149071570|0,11,12,1,10,11,12,16,2,11,9
v1|267565837426|0,1,6,18,13,10,1,1,16,1,1
v1|267596474012|0,1,19,19,19,19,19,19,15,18,1
v1|224990677397|0,16,3,6,7,8,7,13,12,1,12
v1|275793950987|0,6,17,15,11,4,16,15,1,17,11
v1|116385778304|0,2,7,12,18,18,17,3,1,19,3
v1|358289550283|0,9,13,11,3,13,11,9,13,9,10
v1|224990679904|0,15,4,7,6,2,6,12,11,4,13
v1|277630051714|0,5,8,17,17,17,18,18,18,16,2
v1|298159968221|0,4,7,2,11,11,2,8,6,2,10
v1|383833162364|0,1,15,11,15,14,13,12,5,13,1
v1|177840694007|0,8,3,3,7,8,3,3,2,9,5
v1|286887133528|0,6,6,5,8,6,6,2,13,8,7
v1|206151001035|0,10,4,7,10,7,9,9,9,7,6
v1|306646517304|0,5,9,1,12,12,12,15,1,11,4
v1|123768107695|0,14,10,14,2,1,1,5,14,1,14
v1|123768095234|0,15,11,15,0,1,1,1,15,1,15
v1|383809695699|0,2,13,12,14,15,14,14,3,15,2
v1|137029955192|0,12,1,10,3,2,10,6,8,3,11
v1|383920992996|0,3,14,13,13,13,15,13,4,14,1
v1|358276443847|0,13,8,9,5,3,5,7,7,4,13
v1|336441920501|0,7,5,6,9,9,8,4,10,6,9
v1|157556277510|0,9,2,4,6,5,4,11,11,10,8
v1|366124773533|0,11,1,8,4,4,7,10,12,5,12
v1|156668828037|0,1,12,1,0,10,11,1,1,12,3
v1|389198979061|0,6,17,10,18,14,14,16,6,14,9
v1|277671743619|0,1,14,6,15,15,2,4,9,19,12
v1|406442695474|0,9,9,12,13,13,18,15,19,9,6
v1|277671743615|0,4,13,5,16,17,1,3,8,18,11
v1|389478528331|0,5,18,3,19,18,12,17,5,16,3
v1|389560535251|0,7,16,13,12,12,15,14,17,13,10
v1|197583415365|0,16,7,16,8,6,7,13,12,5,15
v1|387418177044|0,17,3,8,5,1,4,7,3,1,1
v1|388728502455|0,11,11,19,10,9,17,10,16,11,7
v1|389008179082|0,0,0,1,0,0,3,1,1,0,2
v1|197581410770|0,18,2,7,3,2,6,6,2,2,19
v1|197583425418|0,14,6,17,9,4,19,9,13,6,1
v1|387789270597|0,15,4,14,4,8,10,11,15,8,17
v1|197764452289|0,12,5,18,7,7,9,8,14,7,14
v1|386120291337|0,10,12,9,11,11,16,19,18,12,5
v1|326708620303|0,8,10,11,1,10,13,5,7,10,8
v1|197765239810|0,13,8,15,6,3,8,12,11,4,16
v1|194409551234|0,19,1,1,2,5,5,1,1,3,18
v1|277671743625|0,3,15,4,14,16,0,2,10,17,13
v1|277671743641|0,2,19,2,17,19,11,18,4,15,4
