item_id,Spec Nerd,Vintage Hunter,Designer,Budget Renovator,PC Master Race,Early Adopter,Practical DIYer,Minimalist,Value Hunter,Cheapskate,Hobbyist Gamer,Aesthetic Homemaker,Refurbished Expert,Luxury Buyer,Mint Collector
v1|177971786716|477500319969,1,7,11,7,7,4,6,4,1,9,11,9,2,9,8
v1|396754756199|665235946077,11,2,3,0,11,11,0,3,2,7,10,3,0,11,11
v1|206151822381|0,0,6,4,1,3,1,5,2,0,0,0,6,1,6,6
v1|267294957372|0,7,5,2,4,10,0,4,1,9,8,0,2,9,5,7
v1|358358710899|0,10,1,0,11,8,9,3,0,11,4,0,1,8,1,2
v1|157768924892|0,5,9,1,5,6,2,8,5,10,5,3,0,10,7,0
v1|156634712319|0,6,10,10,9,4,7,9,7,6,3,6,10,6,10,9
v1|389578012636|656948771562,9,3,5,10,9,5,1,10,8,10,4,4,4,2,4
v1|388176590728|656948752632,8,4,6,8,2,6,2,11,5,11,5,5,3,3,5
v1|126630624577|427673716567,4,11,9,2,5,8,10,8,7,2,7,11,11,8,10
v1|116987458864|417079780027,0,0,8,3,0,10,11,6,4,1,8,8,7,4,3
v1|177627693540|0,2,8,7,6,1,3,7,9,3,6,9,7,5,0,1
v1|188056573155|695711406568,10,4,0,7,1,3,4,2,8,9,0,4,7,8,5
v1|177829360812|477405543195,3,7,5,4,0,9,8,7,5,6,7,5,5,4,3
v1|287101363796|0,6,1,2,10,7,1,1,0,0,8,0,1,4,0,0
v1|188058686008|695712828443,9,3,3,8,4,10,3,11,3,10,11,3,8,5,4
v1|236640738725|0,0,2,4,9,3,2,2,1,10,1,0,2,10,1,1
v1|177920446796|0,2,5,11,5,11,4,11,3,6,5,0,6,3,3,2
v1|157310336238|0,8,9,7,3,6,7,6,10,4,2,10,9,2,11,6
v1|168246735521|0,7,8,9,1,5,5,5,9,1,3,8,7,0,9,9
v1|168237651236|0,4,11,10,2,10,6,9,8,2,4,9,8,1,10,11
v1|298115064392|0,1,0,1,11,2,0,0,5,11,11,5,0,11,2,7
v1|136925062933|435412381432,5,10,8,0,8,11,10,4,9,0,0,11,9,7,10
v1|177871405017|477437107053,11,6,6,6,9,8,7,6,7,7,6,10,6,6,8
v1|389710535488|656996089714,5,3,5,10,9,8,4,6,7,10,6,6,10,5,7
v1|317326697415|615878610240,9,6,8,7,7,10,3,7,4,7,7,8,7,10,9
v1|236686060573|537185472770,10,7,9,6,6,11,8,4,5,8,4,9,8,11,10
v1|146390242332|0,8,10,2,0,2,2,7,1,10,1,0,1,0,2,11
v1|127004914401|0,11,11,11,3,3,3,11,0,11,2,1,11,2,3,0
v1|397677332712|666012230229,3,1,3,2,8,7,1,11,6,9,11,2,9,4,1
v1|396983324463|665441098203,4,2,4,11,4,6,2,10,2,11,10,5,5,8,6
v1|176427255466|476201709125,2,9,10,5,11,4,10,2,1,3,2,10,4,7,5
v1|317820417645|616416082310,7,5,7,9,10,5,6,8,0,5,8,7,11,6,4
v1|376440518289|645066034997,6,4,6,8,5,9,5,9,3,6,9,3,6,9,8
v1|197498151103|0,1,8,1,1,1,1,9,3,9,0,3,4,3,1,3
v1|287005718425|0,0,0,0,0,0,0,0,5,8,4,5,0,1,0,2
v1|356620410232|0,5,1,1,11,2,1,1,10,3,10,10,1,11,1,1
v1|136925062933|435412381431,3,10,8,1,10,8,10,1,0,1,1,10,3,8,9
v1|136500206063|435253862339,10,11,9,0,11,9,11,0,10,0,0,11,4,9,10
v1|157310336238|0,0,8,7,2,8,6,9,2,8,2,2,9,1,6,7
v1|267590917032|0,1,4,4,7,4,10,4,7,1,7,7,4,6,3,3
v1|236640738725|0,2,5,5,6,5,4,5,6,11,6,6,5,5,4,4
v1|287102429839|0,7,3,3,8,3,3,3,8,6,8,8,3,10,2,2
v1|316964614663|615406771469,8,2,2,10,6,11,2,9,5,9,9,2,9,10,11
v1|168154500396|0,6,9,11,3,9,7,8,3,9,3,3,8,2,7,8
v1|168237651236|0,9,6,10,4,7,5,7,4,7,4,4,7,0,11,6
v1|397423194530|665816502239,4,0,0,9,1,0,0,11,2,11,11,0,7,0,0
v1|205335582322|506081144645,11,7,6,5,0,2,6,5,4,5,5,6,8,5,5
v1|127761021514|0,6,10,10,2,9,11,9,2,9,2,2,8,8,10,11
v1|295576611209|0,3,5,2,11,6,4,3,8,5,8,9,3,1,1,1
v1|127414654309|0,0,1,4,8,0,1,10,1,3,1,1,9,2,2,0
v1|126690124365|0,10,11,11,10,7,0,11,0,11,0,0,11,3,5,2
v1|318038001926|0,7,2,1,3,8,8,1,10,1,10,11,1,9,4,8
v1|298119264371|0,1,3,6,1,10,10,2,9,2,9,10,2,7,9,9
v1|227262113962|0,4,4,7,7,3,2,6,5,6,5,8,5,4,7,3
v1|236704432731|0,11,7,5,9,4,7,5,6,7,6,7,6,5,6,7
v1|188169547282|0,8,8,8,0,11,9,7,4,8,4,6,7,10,11,10
v1|177979491158|0,9,9,9,6,1,6,8,3,10,3,5,10,11,8,6
v1|294866934407|0,2,6,3,4,5,3,4,7,4,7,4,4,0,0,4
v1|397742746703|0,5,0,0,5,2,5,0,11,0,11,3,0,6,3,5
v1|198142739090|0,0,4,1,10,0,6,5,6,4,6,6,5,4,0,7
v1|127576151944|0,5,7,6,9,7,4,7,4,6,2,4,7,2,3,5
v1|127505439584|0,10,9,8,4,9,3,8,3,7,1,3,8,1,7,4
v1|125947901119|0,6,8,9,8,8,2,10,1,11,3,1,10,3,6,3
v1|236566251817|0,4,3,0,7,6,11,3,8,3,8,8,3,11,10,11
v1|188169843012|0,7,5,5,0,5,5,6,5,0,5,5,6,5,8,6
v1|389214045662|0,3,1,3,5,11,8,1,10,2,10,10,1,7,5,0
v1|389598644700|0,8,0,2,11,3,9,0,11,10,11,11,0,9,9,9
v1|236224542363|0,9,6,11,6,2,7,4,7,9,7,7,4,8,4,8
v1|126384260512|0,2,10,7,1,1,0,9,2,5,4,2,9,0,1,1
v1|125840469770|0,11,11,10,3,4,1,11,0,8,0,0,11,6,2,2
v1|298050247911|0,1,2,4,0,10,10,2,9,1,9,9,2,10,11,10
v1|358273510955|0,8,8,7,3,10,5,7,6,2,6,6,7,6,6,1
v1|317844222821|0,5,6,10,4,2,3,9,3,4,3,3,9,3,4,5
v1|377050405537|0,6,7,6,11,5,6,5,7,9,7,7,5,7,7,9
v1|389769407772|0,9,5,5,5,11,7,4,8,5,8,8,4,8,8,2
v1|257417619392|0,7,11,11,8,4,1,11,1,7,1,1,11,5,1,3
v1|336492088853|0,3,9,9,7,3,4,8,4,6,4,4,8,4,5,6
v1|117072330349|0,1,1,0,1,1,0,0,0,11,0,0,1,0,0,0
v1|397685758851|0,2,4,8,0,8,11,3,9,1,9,9,3,1,10,11
v1|397741150169|0,0,2,1,10,7,9,1,11,0,11,11,0,11,9,7
v1|357940718036|0,11,0,2,2,0,10,6,5,10,5,5,6,9,2,8
v1|397711051654|0,10,3,4,9,6,8,2,10,8,10,10,2,10,11,10
v1|266777637935|0,4,10,3,6,9,2,10,2,3,2,2,10,2,3,4
v1|354404691014|623814541618,3,3,0,8,1,3,4,7,3,8,7,4,7,3,4
v1|147155074497|445629129971,8,9,8,0,8,7,10,1,8,1,2,10,3,9,10
v1|317393976161|0,5,4,0,0,2,4,5,6,4,5,6,5,4,8,5
v1|177913477219|0,4,11,11,0,11,6,9,2,6,2,0,9,10,11,9
v1|116368573114|0,7,10,9,5,9,11,11,0,7,0,1,11,8,4,11
v1|277674720218|2560699235821,6,5,0,7,3,5,6,5,11,9,5,6,9,5,6
v1|389640883870|0,11,1,5,10,4,10,2,9,10,10,9,2,11,1,2
v1|389653111947|656952988076,1,0,0,11,0,1,1,10,1,6,10,1,2,0,1
v1|226164579679|525296584241,10,8,6,0,6,9,7,4,5,4,4,7,5,6,7
v1|354545936935|623928393305,2,2,0,9,5,2,3,8,2,7,8,3,6,2,3
v1|187382748196|0,9,6,7,6,7,8,8,3,9,3,3,8,1,7,8
v1|397684065716|0,0,7,10,0,10,0,0,11,0,11,11,0,0,10,0
v1|298092515324|595193696610,3,5,8,8,6,5,5,6,0,6,7,5,2,8,6
v1|168207790519|467773496904,5,9,7,4,10,9,9,2,8,3,2,9,6,10,10
v1|167972087848|467542909872,11,10,10,1,11,10,10,1,9,1,1,10,3,11,4
v1|168221135645|467781132683,4,8,6,5,9,8,8,3,7,2,3,8,5,9,9
v1|406739762547|676977763310,0,0,5,3,8,1,0,11,1,11,11,0,4,6,1
v1|177953404874|477483179260,10,7,0,2,5,7,7,4,11,4,4,7,9,5,8
v1|318040509512|0,7,3,3,9,1,3,3,8,5,8,8,3,8,1,0
v1|306120813137|605557863832,8,4,4,6,3,4,4,7,6,7,5,4,10,4,5
v1|385247860188|653244450027,2,2,2,10,0,0,2,9,4,9,9,2,7,0,3
v1|236045210045|536556422788,9,6,9,7,4,6,6,5,2,5,6,6,11,2,7
v1|157624928825|459117411783,6,11,11,0,7,11,11,0,10,0,0,11,1,7,11
v1|397445362824|665841996756,1,1,1,11,2,2,1,10,3,10,10,1,0,3,2
v1|157551256315|459034375795,5,8,7,4,3,8,8,3,5,3,3,8,4,3,8
v1|147143667160|445622026005,11,11,6,6,5,11,11,0,11,0,0,11,10,4,11
v1|317887350111|616504612349,1,4,11,1,6,0,4,7,3,7,7,4,1,5,4
v1|147155071225|445629216055,6,9,8,0,11,9,9,2,7,2,2,9,5,11,9
v1|315741357416|614163560623,8,5,3,11,8,5,5,6,6,6,6,5,11,6,5
v1|406747054118|676983486739,3,0,0,5,1,1,0,11,0,11,11,0,6,1,1
v1|406728012458|676966201086,4,1,1,10,4,2,1,10,0,10,10,1,7,2,2
v1|157558063242|459043890003,9,7,5,7,9,7,7,4,10,4,4,7,8,8,7
v1|267427151459|567207014582,7,6,4,8,2,6,6,5,9,5,5,6,3,7,6
v1|404787189830|675858806851,0,2,2,9,0,3,2,9,0,9,9,2,0,0,0
v1|317924078025|616547352009,2,3,10,2,7,4,3,8,4,8,8,3,2,10,3
v1|147150492144|445626185920,10,10,9,0,10,10,10,1,8,1,1,10,9,9,10
v1|176923544547|0,10,10,11,11,9,0,10,1,10,2,0,10,2,2,0
v1|197955228476|0,9,9,9,1,10,11,9,2,7,3,0,9,6,11,4
v1|401867764202|671698080261,3,2,7,9,7,1,2,9,3,9,9,2,3,8,1
v1|298059781117|0,2,8,10,4,11,10,6,5,8,6,5,8,7,10,9
v1|336465640191|545948294146,1,3,8,7,2,7,3,8,6,8,8,3,5,9,8
v1|405449952909|675720740565,0,0,3,10,8,6,0,11,4,11,11,0,4,6,6
v1|326366974226|515486472883,6,7,4,5,0,2,5,6,0,7,6,5,8,5,5
v1|326366982799|515486762978,5,6,0,6,4,3,4,7,5,0,7,4,1,1,3
v1|405225067122|675331011999,4,1,6,8,3,5,1,10,2,10,10,1,11,7,7
v1|264728653200|565217875088,8,5,5,2,1,8,8,3,9,4,0,7,9,3,10
v1|265648857421|565437528213,7,4,1,3,5,4,7,4,1,5,0,6,0,0,2
v1|145489263878|444643602289,11,11,2,0,6,9,11,0,11,1,0,11,10,4,11
v1|298147758172|0,8,6,5,11,0,8,4,7,5,7,7,4,8,2,5
v1|358136553206|626489503286,7,5,4,10,8,7,2,9,3,9,9,2,9,7,4
v1|205709591207|0,2,9,2,0,3,4,10,2,9,4,0,9,2,3,3
v1|267436094057|567213811135,6,8,11,4,10,6,7,5,7,5,5,6,7,8,6
v1|277028382377|0,9,7,10,5,9,11,6,6,6,6,6,5,10,11,10
v1|136271095333|0,4,11,1,0,2,5,5,0,11,0,0,11,5,0,8
v1|205880840686|506664087420,3,3,7,3,1,9,9,3,8,1,0,8,6,1,7
v1|226432754921|525621046976,0,2,6,6,6,3,8,4,0,2,0,7,1,4,1
v1|315984155274|0,1,1,3,9,4,0,3,8,4,8,8,3,11,5,9
v1|358310265777|626584627244,11,0,8,8,7,2,1,10,2,10,10,1,4,9,2
v1|397660860041|0,5,4,0,7,5,1,0,11,1,11,11,0,3,6,0
v1|147186845119|445648161177,10,10,9,1,11,10,11,1,10,3,0,10,0,10,11
v1|306801962425|0,2,7,8,6,0,2,7,4,8,4,4,7,0,6,4
v1|298143968854|0,4,8,9,5,9,4,8,3,9,5,3,8,4,8,3
v1|306806261216|0,3,6,7,2,8,3,6,5,2,3,5,6,6,4,5
v1|306806473446|0,5,4,5,7,7,9,4,7,11,1,7,4,8,7,7
v1|389764106177|0,0,0,3,0,1,5,0,11,0,11,11,0,1,10,11
v1|306827426370|0,1,3,4,1,6,6,3,8,10,0,8,3,5,9,8
v1|318022797533|0,7,2,1,9,5,10,2,9,5,10,9,2,10,2,9
v1|147216211521|0,11,11,11,3,11,8,11,0,7,9,0,11,2,11,0
v1|318022797534|0,6,1,0,11,4,11,1,10,1,8,10,1,11,3,10
v1|306806453956|0,8,5,6,4,2,0,5,6,3,2,6,5,7,5,6
v1|298017425178|0,10,10,10,10,10,7,10,1,6,7,0,10,3,0,1
v1|298093854688|0,9,9,2,8,3,1,9,2,4,6,0,9,9,1,2
v1|277713739323|2560719239528,7,4,0,9,0,3,5,6,5,3,6,6,10,0,5
v1|313728745365|613438733658,5,2,7,8,6,2,2,9,2,2,9,3,4,8,2
v1|317604741223|0,1,1,3,7,2,1,1,10,1,1,10,2,6,7,1
v1|127708676025|428868960181,6,9,9,1,9,10,9,2,10,6,1,9,7,2,9
v1|125240455294|426275876024,9,10,1,0,10,11,10,1,11,4,0,10,9,3,10
v1|167792547676|0,2,8,10,2,8,9,8,3,9,7,2,8,2,9,8
v1|236372318139|536933422623,8,7,8,5,7,5,7,4,8,8,4,0,1,4,7
v1|117057093190|417115016277,10,11,11,10,11,7,11,0,6,5,3,11,8,5,11
v1|277413290525|2560544768752,11,6,6,11,5,8,6,5,7,9,5,7,11,1,6
v1|297725544323|0,3,5,5,3,4,6,4,7,4,10,7,5,3,11,4
v1|306829304239|0,0,3,4,4,3,4,3,8,3,11,8,4,0,10,3
v1|366040616289|0,4,0,2,6,1,0,0,11,0,0,11,1,5,6,0
v1|198189076778|0,10,3,3,11,6,7,3,8,7,8,8,3,11,0,3
v1|198188676938|0,2,5,5,4,7,1,5,6,1,6,6,5,2,2,4
v1|198188726559|0,7,4,4,6,11,4,4,7,5,7,7,4,5,6,2
v1|136985799555|0,0,9,9,0,4,9,9,2,8,2,2,9,0,8,9
v1|198204730317|0,6,2,2,9,1,6,2,9,6,9,9,2,9,5,6
v1|406658768027|0,1,0,1,2,3,0,0,11,0,11,11,0,10,11,1
v1|117092074250|0,11,11,11,7,9,11,11,0,10,0,0,11,8,10,11
v1|177511973567|0,9,8,8,8,5,8,8,3,11,3,3,8,6,7,8
v1|125205930294|0,4,10,10,1,8,10,10,1,9,1,1,10,1,9,10
v1|206149249933|0,5,1,0,10,0,3,1,10,3,10,10,1,7,1,0
v1|198188657501|0,3,6,6,3,2,2,6,5,2,5,5,6,3,3,5
v1|198188578806|0,8,7,7,5,10,5,7,4,4,4,4,7,4,4,7
v1|317931384736|0,6,5,6,5,5,2,2,9,3,9,1,2,9,6,3
v1|198185187425|0,3,9,10,1,10,9,9,2,9,2,5,5,6,10,10
v1|306725268454|0,7,6,7,7,7,6,6,5,5,5,2,4,11,7,7
v1|198185190060|0,4,8,9,3,9,10,8,3,8,3,4,9,8,9,9
v1|315743348357|614166340930,11,3,3,8,4,5,5,6,10,6,8,7,4,4,6
v1|315759716185|614190767065,10,2,1,10,3,4,4,7,4,7,9,3,3,3,5
v1|373956007574|642922328475,8,0,0,11,0,0,0,11,2,11,11,0,0,0,0
v1|357503276000|0,1,4,5,0,6,1,1,10,0,10,0,1,2,5,2
v1|155507965350|455747136684,0,10,0,6,1,7,10,1,1,1,7,10,1,1,1
v1|316480211378|615029181466,9,1,2,9,2,3,3,8,6,8,10,6,5,2,4
v1|137139501864|0,5,11,11,4,11,11,11,0,11,0,6,11,10,11,11
v1|198196886918|0,2,7,8,2,8,8,7,4,7,4,3,8,7,8,8
v1|286740274068|0,9,6,5,10,10,11,6,6,7,6,6,6,7,10,7
v1|287103571231|0,1,3,3,1,3,1,3,8,0,8,8,3,3,5,1
v1|197988999189|0,7,9,11,7,6,6,9,2,9,2,2,9,11,6,11
v1|235427253538|535547370200,3,5,6,9,5,5,5,5,5,5,5,5,1,3,8
v1|197992070195|0,6,8,10,6,7,8,8,3,8,3,3,8,10,7,10
v1|226657342235|525836409997,8,7,7,8,9,9,7,4,6,4,4,7,5,11,9
v1|185598867443|0,4,11,9,5,4,2,11,0,11,0,0,11,9,0,5
v1|186926765865|0,5,10,8,0,0,3,10,1,10,1,1,10,2,1,3
v1|358341224631|0,0,1,1,2,8,7,1,10,4,10,10,1,6,9,4
v1|389309967199|0,11,0,0,11,1,4,0,11,3,11,11,0,0,2,2
v1|317998314616|0,10,2,2,3,11,10,2,9,1,9,9,2,8,8,6
v1|287103561083|0,2,4,4,4,2,0,4,7,2,7,7,4,4,4,0
v1|175269411243|474480776304,2,1,9,1,9,9,9,2,11,2,2,9,1,9,9
v1|397678576821|666013628854,0,5,6,6,5,5,5,7,6,7,7,5,7,4,5
v1|365501769412|0,1,6,7,5,4,6,6,6,7,6,6,6,2,6,6
v1|397678578937|0,4,3,5,7,11,4,4,8,5,8,8,4,4,8,4
v1|185800585740|0,9,9,3,0,3,8,8,3,8,3,3,8,3,1,8
v1|397678580241|666013734664,5,2,4,10,1,3,3,9,4,9,9,3,10,3,3
v1|115840923783|0,11,11,11,8,8,11,11,0,10,0,0,11,9,11,11
v1|286901311482|0,8,7,8,4,6,7,0,5,2,5,5,7,6,7,7
v1|406784071019|0,7,4,1,3,10,1,1,11,1,11,11,1,5,5,1
v1|115840924649|0,10,10,10,9,7,10,10,1,9,1,1,10,8,10,10
v1|406238641660|0,3,0,2,11,0,2,2,10,3,10,10,2,11,2,2
v1|203196723423|503546792655,6,8,0,0,2,0,7,4,0,4,4,0,0,0,0
v1|397740524665|0,4,2,3,6,3,4,2,9,3,0,0,2,9,3,7
v1|366291482194|0,5,3,4,11,2,3,3,8,4,9,9,3,4,2,1
v1|277725790600|0,6,7,7,4,5,9,6,5,7,6,6,6,7,10,6
v1|323758290839|0,8,4,5,5,11,5,4,7,6,8,8,4,8,9,8
v1|127733361676|0,3,10,11,2,9,7,10,1,11,2,2,10,3,7,11
v1|177924595431|0,2,9,10,0,8,6,9,2,10,3,3,9,5,11,10
v1|188008680232|0,11,5,8,7,7,10,7,4,8,5,5,7,10,6,9
v1|406714291388|0,7,1,2,10,4,11,1,11,1,11,11,1,11,4,4
v1|298095599477|0,9,6,6,9,6,2,5,6,5,7,7,5,6,5,0
v1|115778647615|0,1,11,1,1,1,0,11,0,0,1,1,11,0,1,3
v1|406472895402|0,0,0,0,8,0,1,0,10,2,10,10,0,2,0,2
v1|187582160836|695421881920,10,8,9,3,10,8,8,3,9,4,4,8,1,8,5
v1|276983448276|0,7,4,4,10,2,5,4,7,11,9,7,4,10,5,4
v1|266310073715|0,10,6,6,6,1,9,6,5,9,5,5,6,5,4,6
v1|266719620247|0,9,5,5,5,10,6,5,6,6,8,6,5,0,10,5
v1|177947963475|0,11,11,11,0,11,11,11,0,7,0,0,11,11,11,11
v1|298118284026|0,0,3,3,7,5,4,3,8,4,11,8,3,7,2,3
v1|197173401940|0,0,9,10,1,0,3,10,1,3,1,1,10,2,9,10
v1|235835781495|0,5,7,7,4,7,7,7,4,0,4,0,7,1,6,7
v1|406705048678|0,0,2,2,9,6,1,2,9,5,6,9,2,8,3,2
v1|406705054981|0,0,0,0,8,4,0,0,11,1,10,11,0,6,1,0
v1|226611411175|0,8,8,9,2,9,10,9,2,10,2,2,9,9,7,9
v1|235392378498|0,6,10,8,3,8,8,8,3,8,3,0,8,4,8,8
v1|406705051754|0,0,1,1,11,3,2,1,10,2,7,10,1,3,0,1
v1|283430885591|584451120027,3,7,7,3,8,4,5,6,7,6,8,5,5,5,3
v1|276166032078|578536021282,2,5,3,4,4,2,7,4,8,4,1,7,1,4,1
v1|283491823433|584587947019,0,4,6,2,7,5,4,7,6,7,9,4,4,7,2
v1|274834016637|575080397374,9,9,9,6,9,7,8,3,9,3,3,8,6,9,5
v1|306213601212|0,5,2,2,5,5,9,2,9,1,9,0,2,8,0,6
v1|365361534993|0,11,1,1,11,6,11,0,11,0,11,11,0,9,6,4
v1|156814652413|0,7,6,4,0,1,6,11,0,11,0,4,11,11,1,11
v1|277539591757|0,6,8,8,8,11,3,6,5,5,5,5,6,7,10,9
v1|287133853287|0,10,3,5,9,2,8,3,8,2,8,2,3,10,8,8
v1|176084101615|475537197001,8,11,11,1,10,0,10,1,3,1,6,10,3,11,10
v1|317902752479|0,4,0,0,10,0,10,1,10,10,10,10,1,2,2,7
v1|236702250871|0,1,10,10,7,3,1,9,2,4,2,7,9,0,3,0
v1|315188000920|0,11,8,8,9,9,11,8,3,9,3,4,8,11,10,5
v1|406731875277|0,6,0,0,11,8,1,0,11,11,11,10,0,4,2,1
v1|317825673027|0,0,6,5,4,6,3,6,5,5,5,6,6,5,9,4
v1|405426161027|0,1,2,2,2,1,6,1,9,1,9,0,2,7,1,3
v1|317686649727|0,8,7,6,10,0,0,7,4,10,4,5,7,0,0,0
v1|145733340737|0,5,11,11,0,10,5,11,0,8,0,1,11,2,7,8
v1|406485477533|0,10,1,1,8,3,8,2,10,0,10,11,1,10,6,9
v1|205993966305|0,9,9,9,3,11,4,9,2,6,2,3,9,6,11,6
v1|336429439236|0,7,4,0,6,2,9,4,7,3,7,8,4,8,8,10
v1|358358912862|0,2,3,0,7,4,10,3,8,0,8,9,3,9,5,11
v1|317825681162|0,3,5,7,5,5,2,5,6,4,6,7,5,3,4,2
v1|198009690574|0,4,10,10,1,7,7,10,1,7,1,2,10,1,3,7
v1|316180682113|0,6,7,7,9,9,8,5,7,7,9,8,5,6,9,9
v1|177754483089|0,10,10,11,4,6,11,10,2,10,6,2,10,9,7,10
v1|306723722686|0,5,2,2,7,2,7,7,5,8,2,3,7,7,3,6
v1|316019736165|0,7,8,10,8,10,9,6,6,6,8,7,6,11,11,11
v1|157366430087|0,11,4,4,3,7,5,0,0,11,5,4,0,4,5,8
v1|406790547303|0,1,5,5,1,8,6,1,11,0,11,11,1,3,8,5
v1|227265351555|0,9,9,8,6,5,0,8,4,4,7,6,8,8,6,0
v1|198151462140|0,8,3,9,5,1,10,9,3,9,3,5,9,1,4,7
v1|358286448057|626574727044,4,1,1,10,0,4,4,8,5,1,9,4,5,2,4
v1|358295005858|0,3,0,0,2,4,3,3,9,3,0,0,3,10,1,3
v1|168077397950|0,2,11,3,0,11,1,11,1,1,4,1,11,0,0,1
v1|397221020331|0,0,6,6,11,3,2,2,10,2,10,10,2,2,10,2
v1|334012370996|0,11,2,2,8,10,8,2,9,11,9,9,2,10,5,6
v1|282568726051|0,2,5,8,3,11,7,5,6,6,6,6,5,7,11,8
v1|388911196479|0,7,1,0,9,7,5,1,10,3,10,10,1,8,10,5
v1|265076083869|0,1,6,9,6,4,2,6,5,2,5,5,6,2,3,2
v1|197050809942|0,6,9,5,2,6,9,9,2,10,2,2,9,11,6,9
v1|327009994380|0,5,3,7,10,5,3,3,8,4,8,8,3,3,4,3
v1|135511183037|0,10,11,6,0,9,11,11,0,9,0,0,11,9,9,11
v1|173954114549|0,9,10,0,1,8,10,10,1,7,1,1,10,5,8,10
v1|306345176040|0,8,4,4,7,1,6,4,7,5,7,7,4,4,7,7
v1|396242101343|0,0,0,0,11,0,4,0,11,8,11,11,0,6,0,4
v1|255330179427|0,3,7,10,5,3,1,7,4,1,4,4,7,1,2,1
v1|255266691952|0,4,8,11,4,2,0,8,3,0,3,3,8,0,1,0
v1|377029479790|0,4,4,2,8,11,4,2,9,10,9,9,4,6,6,4
v1|177887796888|0,9,9,9,2,9,11,9,2,6,2,2,9,7,8,8
v1|137105589315|0,10,10,10,1,7,6,10,1,5,1,1,10,5,7,6
v1|236705475013|0,7,5,5,5,8,7,5,6,11,6,6,5,11,5,11
v1|177968477778|0,8,7,7,4,5,5,7,4,0,4,4,7,0,11,5
v1|177948976567|0,11,8,8,3,4,10,8,3,7,3,3,8,8,10,10
v1|388042708535|0,2,1,1,10,2,2,1,10,3,10,10,1,3,2,1
v1|227254580060|0,0,6,6,9,1,1,6,5,2,5,5,6,2,1,0
v1|137093182417|0,1,11,11,0,0,0,11,0,1,0,0,11,1,0,7
v1|327033408210|0,6,3,0,6,6,8,4,7,9,7,7,3,9,3,3
v1|366177493724|0,5,2,3,7,10,9,3,8,8,8,8,2,10,9,9
v1|389773413322|0,3,0,0,11,3,3,0,11,4,11,11,0,4,4,2
v1|227246218971|0,7,5,4,5,3,4,5,6,4,6,6,5,6,5,5
v1|197252475646|0,1,9,6,2,5,6,9,2,1,2,2,9,5,8,9
v1|267616382060|0,2,4,3,6,8,7,4,7,3,7,7,4,9,9,4
v1|358261717591|0,6,1,8,10,7,1,1,11,5,11,11,0,11,11,7
v1|168186597625|0,0,10,7,1,6,0,10,1,0,1,1,10,1,3,10
v1|198179285501|0,10,8,11,3,10,5,8,3,10,3,3,8,3,4,8
v1|127705133686|0,11,11,10,0,11,11,11,0,11,0,0,11,2,6,11
v1|205357003342|506103687823,9,7,0,11,4,9,7,4,9,4,4,7,0,0,0
v1|227196823376|0,8,6,9,4,9,10,6,5,8,5,5,6,4,2,6
v1|305775121756|604888010811,5,0,1,8,0,3,0,9,7,9,9,2,8,1,1
v1|297903228485|0,3,3,5,7,1,8,3,8,2,8,8,3,7,10,3
v1|336429779697|0,4,2,2,9,2,2,2,10,6,10,10,1,10,7,2
v1|298150053739|0,6,3,0,9,4,5,3,8,5,9,2,3,6,7,6
v1|197718715931|0,5,7,7,4,6,3,7,4,4,6,4,7,5,4,1
v1|225572413684|0,4,5,5,6,11,8,4,7,2,8,3,5,4,9,7
v1|177785393230|0,8,8,8,3,9,7,8,3,6,5,6,8,9,8,8
v1|403857238179|673764940209,2,0,0,8,7,4,0,11,1,0,11,0,3,2,11
v1|155041949691|0,11,9,9,0,8,9,9,2,8,4,7,9,10,10,9
v1|206102510121|0,1,6,0,7,1,0,5,6,3,7,5,6,1,0,0
v1|127678913801|0,9,10,10,1,5,2,10,1,7,3,8,10,7,5,3
v1|388601739178|0,0,1,1,11,3,1,1,10,0,11,0,1,0,1,2
v1|304911325368|603899981237,3,2,0,10,10,11,2,9,10,10,1,2,8,6,5
v1|205789390595|506562089597,7,4,6,5,0,6,6,5,11,1,10,4,2,3,4
v1|115911942796|0,10,11,11,0,2,10,11,0,9,2,9,11,11,11,10
v1|205360056334|0,7,6,6,2,9,4,5,6,7,6,6,5,4,11,6
v1|187535499657|0,3,9,2,0,4,5,8,3,4,3,0,8,5,3,7
v1|389631505790|0,5,0,3,11,3,8,0,11,6,11,11,0,8,7,4
v1|117084805038|0,1,10,10,7,5,0,10,1,5,1,0,10,3,6,1
v1|204256352698|504823452403,9,4,7,1,10,6,6,5,3,5,5,6,10,4,3
v1|325234766774|0,11,5,1,9,11,10,2,9,11,9,9,2,11,5,8
v1|358344344125|626604249189,0,1,0,10,0,1,1,10,0,10,10,1,0,0,5
v1|116004403974|416571358891,10,11,11,6,2,2,11,0,9,0,0,11,6,1,0
v1|197693878554|0,8,8,8,8,7,11,7,4,10,4,0,7,7,10,11
v1|175958737659|476406335190,4,7,9,5,1,3,9,2,8,2,0,9,2,2,2
v1|287020935096|589064807384,2,3,5,3,8,7,4,7,2,7,7,4,1,8,10
v1|314636537739|0,6,2,4,4,6,9,3,8,1,8,8,3,9,9,9
v1|336477796586|0,6,6,2,8,10,8,6,8,11,8,8,4,11,3,6
v1|256874390277|557412898267,9,1,1,5,2,0,5,4,7,4,4,7,0,0,11
v1|406759528329|0,5,2,11,9,11,10,0,11,3,11,11,1,9,10,9
v1|198212494453|0,10,11,4,4,3,6,10,1,9,1,1,10,6,4,1
v1|266554646875|566323687349,8,4,3,6,1,1,4,5,8,5,5,6,1,1,10
v1|266777103620|0,1,0,0,0,0,2,3,6,6,6,6,0,2,2,8
v1|206123156369|0,3,10,9,3,8,4,9,2,2,2,2,9,4,7,2
v1|287222996469|0,7,8,7,10,4,7,7,7,5,7,7,5,7,9,4
v1|188195346218|0,11,7,10,11,7,11,11,0,10,0,0,11,10,5,0
v1|389656490835|0,0,3,5,2,5,9,1,10,0,10,10,2,8,11,7
v1|358313069586|0,4,5,6,7,6,5,2,9,4,9,9,3,5,6,5
v1|227248598969|0,2,9,8,1,9,3,8,3,1,3,3,8,3,8,3
v1|325340443030|0,0,1,0,2,9,2,3,7,11,8,3,3,2,1,0
v1|284365649759|0,1,2,3,3,0,3,0,6,2,7,2,0,0,2,3
v1|366295849755|0,9,6,10,0,3,8,1,8,0,11,0,1,1,10,10
v1|185591420091|0,4,5,5,9,4,9,8,3,4,4,11,8,8,8,8
v1|227268475696|0,10,4,8,7,8,11,5,9,5,6,7,5,5,7,7
v1|137157288408|0,5,9,7,5,6,1,9,1,7,2,8,9,9,3,2
v1|206158222910|0,7,8,4,10,1,5,7,4,6,5,6,7,7,5,5
v1|284303007366|0,2,3,1,11,2,4,4,10,10,9,4,4,4,4,4
v1|137156749679|0,6,10,2,6,5,0,10,2,8,1,9,10,3,0,1
v1|206158772553|0,3,7,11,4,7,6,6,5,3,3,5,6,6,9,6
v1|366260855030|0,8,0,6,1,10,7,2,11,1,10,1,2,10,6,9
v1|137148172698|0,11,11,9,8,11,10,11,0,9,0,10,11,11,11,11
v1|375955729764|0,10,5,10,10,9,7,6,10,1,10,2,3,3,4,5
v1|286947899363|0,9,4,3,9,2,6,4,8,0,8,11,1,2,3,8
v1|286058701870|0,8,6,4,5,8,5,7,6,11,6,1,4,11,5,9
v1|146864689308|0,5,8,2,4,6,1,10,2,7,2,6,8,9,8,10
v1|146864689010|0,6,7,1,11,5,0,9,1,10,1,7,7,8,6,1
v1|256919148128|0,2,10,5,8,7,3,8,4,5,4,4,9,7,9,3
v1|397439448047|0,4,11,8,2,10,8,2,11,2,11,0,10,5,10,6
v1|157556533317|0,1,2,9,0,0,2,0,3,6,3,10,6,0,0,2
v1|277478461803|0,7,1,6,3,3,11,1,5,9,5,8,5,6,7,4
v1|286685083350|0,3,3,0,7,1,4,5,7,4,7,3,2,4,1,0
v1|137141218126|0,11,9,7,1,11,10,11,0,8,0,9,11,10,11,11
v1|316791996364|0,0,0,11,6,4,9,3,9,3,9,5,0,1,2,7
v1|365697175524|635476240572,2,3,10,9,8,2,3,8,0,9,4,3,3,5,5
v1|389783940188|0,1,2,3,7,5,3,1,10,4,8,2,1,2,4,4
v1|257245305635|557902356797,4,8,8,10,1,4,5,6,1,6,1,9,7,10,3
v1|127615330803|428757842694,6,7,11,3,9,6,10,1,7,0,7,8,9,3,9
v1|286772144484|588803765810,9,4,2,11,3,10,4,7,11,7,11,4,5,2,0
v1|227172910066|526414308336,5,0,4,4,2,8,7,4,10,0,6,6,4,6,10
v1|230432333547|0,11,5,1,5,10,9,6,5,8,5,5,5,6,1,7
v1|127478659812|428859314261,7,11,5,2,7,11,11,0,9,0,9,11,11,11,11
v1|366224248494|636040635471,10,6,6,8,11,7,2,9,5,10,3,2,10,9,6
v1|147195997592|445654445591,8,10,0,1,6,1,9,2,6,0,8,10,1,0,1
v1|177944890451|0,0,9,9,0,0,5,8,3,2,0,10,7,8,8,8
v1|397725985603|0,3,1,7,6,4,0,0,11,3,11,0,0,0,7,2
v1|177721720287|0,6,8,7,5,7,6,11,4,6,4,5,11,6,8,10
v1|286919934884|0,3,6,8,0,6,2,5,6,2,6,2,5,3,3,3
v1|267593108094|0,11,7,6,11,5,11,6,5,11,5,3,10,11,7,9
v1|326877126530|0,7,4,5,10,8,8,3,8,9,8,4,3,7,6,5
v1|287190895437|0,8,5,10,7,9,9,4,7,7,7,1,4,8,10,8
v1|336491398664|0,5,3,4,4,4,5,2,9,5,9,10,2,5,9,6
v1|147217386955|0,9,10,9,9,10,10,8,2,8,2,9,7,10,11,11
v1|389560911581|0,2,0,3,6,1,3,0,11,3,11,0,0,2,5,2
v1|336491404781|0,4,2,2,0,3,4,1,10,4,10,11,1,4,4,4
v1|137114690159|0,10,1,1,0,2,7,9,1,10,1,6,8,9,2,7
v1|136941261190|0,1,11,0,8,0,0,10,0,1,0,8,9,0,0,0
v1|147217754126|0,0,9,11,0,11,1,7,3,0,3,7,6,1,1,1
v1|122686189724|0,1,9,0,1,9,2,11,1,10,1,8,11,1,0,8
v1|389251380619|0,3,4,7,5,3,5,2,9,3,9,0,2,0,5,3
v1|389603428736|0,5,0,3,8,7,4,1,10,6,10,0,3,3,4,2
v1|157772197982|0,4,2,9,3,6,8,7,4,5,4,7,8,8,9,6
v1|276815264684|2560280424635,10,1,4,9,8,6,4,7,8,7,11,5,4,1,4
v1|127763974956|0,11,8,5,10,10,11,10,2,9,2,6,10,11,11,11
v1|136371643832|0,6,10,10,2,1,10,9,3,2,3,10,9,10,10,10
v1|388645567165|0,7,5,2,11,11,9,3,8,11,8,0,4,5,8,9
v1|256866592217|557400156235,8,7,1,7,5,0,5,6,4,6,0,6,6,2,0
v1|117097723530|0,0,11,11,0,0,1,8,0,0,0,9,0,9,6,7
v1|389686090358|0,2,3,6,4,4,3,0,11,1,11,0,1,2,7,1
v1|256359741794|0,9,6,8,6,2,7,6,5,7,5,5,7,7,3,5
v1|406782824144|0,4,1,11,3,5,5,0,11,1,11,4,0,3,5,5
v1|397438185450|0,7,2,10,9,6,9,2,10,2,10,0,2,4,11,9
v1|358315144134|0,3,0,6,2,3,4,1,8,4,8,3,1,2,4,4
v1|227216585299|0,9,7,9,10,4,1,10,4,10,4,6,9,5,10,2
v1|287224835430|0,11,6,7,11,9,11,6,5,9,5,2,6,10,9,11
v1|317949084812|0,8,5,8,4,10,10,5,6,6,6,1,5,9,7,7
v1|205595162266|0,1,9,4,1,2,8,7,3,8,3,10,10,7,8,8
v1|137142131169|0,2,8,2,0,1,3,11,0,0,0,8,11,1,2,3
v1|386168225763|0,5,3,3,6,7,6,3,9,3,9,5,3,8,6,6
v1|177651828850|0,0,11,0,8,0,0,9,1,7,1,11,8,0,1,0
v1|198203516880|0,10,10,5,7,11,2,8,2,11,2,7,7,11,0,1
v1|336454509835|0,6,4,1,5,8,7,4,7,5,7,9,4,6,3,10
v1|375912330492|0,1,0,2,0,1,1,0,11,0,11,11,1,2,0,1
v1|188178328815|0,0,11,10,11,4,0,8,3,3,3,9,8,1,1,0
v1|227224448460|0,4,7,3,4,6,9,7,4,1,4,4,0,0,11,9
v1|358353720944|0,9,3,7,8,7,4,3,8,5,8,1,4,4,8,5
v1|317649701916|0,2,4,4,7,5,6,4,7,8,7,2,5,8,4,6
v1|188065377661|0,10,8,11,0,10,11,9,2,9,2,3,9,9,9,11
v1|366180920316|0,11,1,5,9,11,3,1,9,11,10,0,2,11,3,4
v1|366135348805|0,7,2,6,10,8,5,2,10,6,9,8,3,6,10,2
v1|176764905992|0,3,9,0,5,3,2,10,1,10,1,10,10,10,2,3
v1|157451549677|0,8,10,9,2,9,10,11,0,7,0,6,11,7,6,10
v1|267612086837|0,5,5,8,1,0,7,5,6,2,6,7,6,3,5,7
v1|257389031126|0,6,6,1,6,2,8,6,5,4,5,5,7,5,7,8
v1|298130258772|0,8,9,6,6,7,8,9,4,9,5,5,7,7,7,6
v1|306825661372|0,6,7,7,5,6,6,5,6,7,7,0,5,6,6,5
v1|306825663666|0,5,6,5,8,5,5,4,7,6,8,2,4,5,8,9
v1|306825660629|0,7,8,4,7,4,7,6,5,8,6,0,6,8,9,8
v1|366278887899|0,9,5,10,9,11,4,3,8,4,9,11,3,4,11,7
v1|397748433934|0,0,3,1,10,2,0,1,10,0,10,1,1,0,0,0
v1|236521776472|0,10,10,11,3,9,9,10,3,5,4,9,8,9,10,11
v1|406725513850|0,11,2,2,4,3,3,0,11,3,11,0,0,3,5,4
v1|397748421864|0,0,4,0,11,1,1,2,9,1,0,10,2,1,4,1
v1|157765448243|0,1,11,3,0,0,2,11,0,2,1,8,11,2,3,2
v1|167726044726|467324677472,2,1,8,2,8,10,7,2,11,3,6,9,10,2,3
v1|167516233520|0,3,0,9,1,10,11,8,1,10,2,7,10,11,1,10
v1|147143681648|445621973907,0,2,9,0,1,7,11,0,8,0,10,11,4,3,5
v1|358195683254|0,7,3,0,5,9,8,3,8,1,8,3,4,7,9,6
v1|227268752386|0,1,10,3,2,7,6,7,3,5,3,7,3,0,7,10
v1|156742359682|458127396168,5,8,0,1,0,2,10,1,7,1,9,10,1,1,1
v1|357873441709|0,4,4,6,3,2,1,4,7,10,7,4,5,6,0,0
v1|236395115678|536949633489,11,7,5,10,11,0,8,4,11,4,11,8,10,2,9
v1|226914351690|0,10,11,7,4,8,11,9,2,6,2,8,9,11,6,11
v1|406302805811|0,3,0,0,9,4,3,0,11,9,11,0,0,5,5,4
v1|286901875391|0,9,9,8,6,6,10,6,5,3,5,6,7,8,8,8
v1|397182913405|0,2,1,0,8,3,5,2,9,2,9,2,2,3,4,3
v1|317860989730|0,8,6,10,7,10,9,5,6,4,6,5,6,9,10,7
v1|397737160997|0,6,5,11,11,5,4,1,10,0,10,1,1,2,11,2
v1|115703140446|0,11,11,6,4,11,11,11,0,11,0,11,11,11,11,11
v1|156454768072|0,7,5,4,3,10,10,5,6,10,6,5,5,9,5,5
v1|168234472446|0,1,1,0,11,4,0,1,10,4,10,1,0,1,3,1
v1|157755646951|0,4,4,1,10,7,1,4,7,7,7,4,1,2,0,2
v1|125186172721|0,10,9,8,8,5,9,9,0,6,2,9,9,8,10,10
v1|125186363206|0,6,8,9,6,3,7,8,0,2,3,8,8,6,6,7
v1|125186525861|0,5,6,11,7,1,5,6,5,3,5,6,6,5,7,6
v1|125186141641|0,8,10,7,5,2,6,10,0,1,1,10,10,7,8,8
v1|125186517938|0,9,7,10,9,6,8,7,0,5,4,7,7,10,9,9
v1|267289402663|0,0,0,5,2,0,3,0,11,0,11,0,2,0,4,0
v1|168234426478|0,2,2,3,1,8,2,2,9,8,9,2,3,3,1,3
v1|157761797913|0,3,3,2,0,9,4,3,8,9,8,3,4,4,2,4
v1|284820967444|0,11,5,5,11,9,11,4,9,10,9,3,4,11,11,6
v1|302649655343|0,3,1,3,6,10,7,1,10,4,11,1,3,5,8,5
v1|204891747682|0,5,7,1,7,8,8,5,7,5,7,4,6,6,1,8
v1|377046561524|0,0,0,6,0,3,0,0,11,0,0,0,0,0,0,0
v1|174233525493|0,8,8,4,4,7,9,6,3,6,6,5,7,7,9,9
v1|153877596779|0,9,10,8,3,2,10,8,6,7,4,7,9,10,10,11
v1|153220864961|0,7,11,11,1,6,3,9,5,2,3,8,10,3,6,3
v1|153877613800|0,6,9,10,2,5,2,7,2,1,5,6,8,2,5,2
v1|292423697973|0,1,4,9,5,4,6,3,4,3,10,2,1,4,7,4
v1|273740255159|0,4,6,2,10,11,4,2,8,11,8,11,5,8,3,7
v1|146291590772|0,2,2,7,8,0,1,10,1,8,2,9,2,1,4,1
v1|133555938428|0,10,3,0,9,1,5,11,0,9,1,10,11,9,2,10
v1|167700403048|467305779494,4,8,9,9,6,2,5,6,4,6,4,5,2,8,5
v1|155387577623|455590743001,7,11,10,4,5,8,8,3,3,3,5,9,8,11,9
v1|116918892783|417133730399,3,4,0,3,4,11,11,0,11,0,6,11,11,1,6
v1|127695677717|0,8,2,1,1,11,9,9,2,9,2,11,10,9,0,10
v1|227266526073|0,5,6,11,11,9,4,2,9,8,9,9,2,4,7,2
v1|177983225869|0,0,1,3,0,0,0,3,8,1,8,7,3,0,2,0
v1|376089522695|0,2,5,6,6,10,3,0,11,6,11,2,1,3,4,3
v1|167728046816|467326153468,6,7,5,8,1,5,4,7,7,7,0,4,5,5,4
v1|166270231133|465886676523,11,10,7,10,2,7,7,4,2,4,1,8,7,10,8
v1|167424920488|467064755253,10,9,8,5,8,6,6,5,5,5,8,7,6,9,7
v1|127649391478|0,9,3,2,2,7,10,10,1,10,1,10,6,10,6,11
v1|267599177609|0,1,0,4,7,3,1,1,10,0,10,3,0,1,3,1
v1|256306999639|556351561327,10,5,5,9,8,5,5,6,9,6,5,4,6,1,5
v1|317584354504|616150461099,7,3,11,0,11,3,3,8,0,8,3,3,2,10,3
v1|392265741345|661222864850,1,2,3,10,10,2,2,9,10,9,2,2,1,2,2
v1|256249444061|556267335952,2,6,10,6,7,6,6,5,3,5,6,6,9,11,9
v1|257121577824|557771729603,4,4,6,8,9,4,4,7,8,7,4,5,5,4,4
v1|256133757285|556105399453,5,7,4,11,6,11,7,4,11,4,7,7,11,3,11
v1|162938501981|462008983767,9,11,0,2,1,9,11,0,2,0,11,11,8,6,8
v1|173647243759|472323968013,3,10,1,1,0,8,10,1,1,1,10,10,7,5,7
v1|195919201422|495784654898,11,9,2,5,5,10,9,2,7,2,9,9,10,7,10
v1|396343389902|664994564600,6,1,8,3,4,1,1,10,5,10,1,1,3,9,1
v1|405797467882|676097284657,0,0,7,4,2,0,0,11,4,11,0,0,0,8,0
v1|254716268627|554496858470,8,8,9,7,3,7,8,3,6,3,8,8,4,0,6
v1|295065631983|0,3,6,3,5,1,5,4,7,2,7,6,6,4,5,7
v1|256881736724|0,10,10,9,8,6,8,9,3,6,3,1,10,8,10,4
v1|336437997302|0,5,3,6,11,8,9,0,11,7,11,2,2,10,4,5
v1|286695492778|0,7,7,7,9,7,6,6,5,8,5,0,7,5,7,8
v1|163280297197|0,4,9,4,4,2,1,10,2,3,2,9,8,2,2,2
v1|296753201286|0,1,4,2,6,3,3,3,8,5,8,5,5,3,3,3
v1|303738175531|0,2,0,5,7,4,4,2,9,4,9,4,4,0,6,6
v1|287038811084|0,0,1,1,3,0,0,5,6,1,6,7,0,1,0,0
v1|336352951775|0,6,5,8,10,9,7,1,10,0,10,3,3,9,8,9
v1|135688980562|0,8,2,0,2,5,2,7,1,10,1,10,1,7,1,1
v1|284511471431|0,9,8,10,0,10,10,8,4,9,4,8,9,6,9,10
v1|125946408641|0,11,11,11,1,11,11,11,0,11,0,11,11,11,11,11
v1|117094361488|0,9,9,4,1,2,7,10,1,3,1,10,10,7,4,7
v1|157262633929|0,7,6,1,9,10,6,7,4,7,5,7,7,10,3,6
v1|157262633860|0,0,7,9,0,0,4,8,3,0,4,8,8,0,7,1
v1|236672504949|0,5,3,7,8,8,8,4,7,5,3,4,2,9,5,9
v1|272853599796|0,10,2,5,5,3,2,3,8,11,8,3,1,6,2,5
v1|277814431504|0,4,1,8,7,5,1,2,9,4,9,2,0,4,6,4
v1|156358484545|0,8,8,0,2,11,10,9,2,10,2,9,9,5,0,10
v1|224673942935|0,6,4,10,4,7,9,5,6,6,7,5,5,8,11,8
v1|401724696853|0,2,0,2,10,9,0,0,11,8,11,0,3,2,1,0
v1|116928203689|0,11,10,3,11,6,11,11,0,9,0,11,11,11,10,11
v1|283962832921|0,3,11,11,6,4,5,1,10,2,10,1,4,3,9,3
v1|157262633942|0,1,5,6,3,1,3,6,5,1,6,6,6,1,8,2
v1|116764437174|0,9,9,3,10,3,1,9,1,7,1,10,7,1,0,0
v1|137155981859|0,11,10,11,11,11,7,10,2,11,4,7,10,11,11,9
v1|236640257066|0,4,5,4,6,1,2,5,6,2,5,4,6,4,8,3
v1|157674284976|0,8,8,8,9,2,6,8,3,6,7,9,9,10,9,7
v1|116528634624|0,1,11,7,7,0,0,11,0,5,0,8,11,5,4,4
v1|306709626335|0,3,2,9,0,8,10,2,9,1,9,1,2,7,3,10
v1|397483208865|0,2,0,5,8,7,9,1,10,4,10,0,1,2,6,8
v1|193953650596|0,5,7,6,3,4,3,7,4,3,2,6,3,0,5,1
v1|198216185249|0,10,6,10,4,10,11,6,5,10,3,5,8,9,10,11
v1|406770104359|0,0,1,2,0,9,8,0,11,0,11,11,0,3,2,5
v1|284591642693|0,6,3,0,0,6,4,3,8,8,8,2,4,6,1,2
v1|284570372014|0,7,4,1,5,5,5,4,7,9,6,3,5,8,7,6
v1|287197728672|0,7,5,8,3,0,6,5,6,5,6,5,4,6,7,5
v1|277073166808|0,0,10,5,4,7,7,10,1,6,4,10,10,7,8,10
v1|335739919326|0,1,1,3,11,0,1,1,10,11,10,0,1,0,3,3
v1|277385083840|0,2,9,6,0,0,2,9,2,0,5,9,9,1,4,7
v1|306727297548|0,5,2,10,1,5,3,2,9,1,9,2,2,5,5,4
v1|306660934320|0,9,3,9,6,0,9,3,8,8,8,3,3,9,1,6
v1|287103940500|0,11,7,7,10,9,10,7,4,10,1,7,7,11,10,9
v1|277720496872|0,10,8,0,7,8,11,8,3,9,0,8,8,10,11,11
v1|287163598398|0,3,6,1,2,0,4,6,5,3,2,6,6,3,0,1
v1|305556018878|0,8,4,2,5,10,8,4,7,7,7,4,5,8,9,8
v1|397118778045|0,4,0,4,8,11,5,0,11,4,11,1,0,4,6,2
v1|146316511206|0,6,11,11,9,6,0,11,0,2,3,11,11,2,2,0
v1|116111431665|0,10,9,9,5,5,10,11,0,5,0,5,11,11,8,11
v1|389548881795|0,8,1,2,10,6,3,1,10,6,10,0,1,4,3,2
v1|136204357471|0,11,8,8,8,11,11,9,2,9,2,8,9,8,10,9
v1|296992976388|0,7,5,6,1,7,5,5,6,0,6,4,5,2,7,7
v1|177962965287|0,6,7,7,11,4,2,7,4,11,4,10,7,3,6,6
v1|177521325552|0,3,10,10,0,8,6,8,3,10,3,9,8,7,9,8
v1|116825880989|0,9,11,4,7,9,9,10,1,2,1,7,10,10,11,10
v1|389569368392|0,1,0,0,9,1,1,0,11,4,11,11,0,1,1,1
v1|356486814977|0,4,2,3,3,2,7,2,9,0,9,1,2,6,0,4
v1|336396684340|0,5,3,5,4,3,8,3,8,3,8,3,3,9,5,5
v1|327009507595|0,2,4,11,2,10,4,4,7,8,7,6,4,5,4,3
v1|267596694179|0,0,6,0,6,0,0,6,5,7,5,2,6,0,2,0
v1|126732982045|0,11,11,1,4,8,10,10,1,10,3,10,10,11,2,10
v1|257418112880|0,3,3,8,0,3,3,3,7,2,1,3,3,3,1,3
v1|358345567901|0,1,2,11,6,4,2,2,8,1,2,2,2,2,6,2
v1|387380911279|0,0,0,2,7,2,1,0,11,0,11,0,0,1,7,1
v1|376696898206|0,8,1,0,11,9,0,1,10,6,10,1,1,0,0,0
v1|187753630274|0,7,5,6,3,6,8,5,6,5,8,5,5,6,9,7
v1|167477307247|0,5,7,3,1,10,11,8,3,11,5,8,7,8,3,11
v1|168240152701|0,4,6,5,5,0,6,6,5,3,7,6,6,4,5,5
v1|227213215549|0,2,4,4,8,1,4,4,9,4,9,4,4,5,4,4
v1|127550715334|0,10,10,7,10,7,9,9,2,9,4,11,9,7,8,9
v1|168045437040|0,6,9,10,2,5,7,7,4,7,6,7,8,9,10,8
v1|117102721120|0,9,8,9,9,11,5,11,0,8,0,9,11,10,11,6
v1|395963225095|0,3,4,11,4,0,8,1,10,3,10,1,1,1,10,8
v1|257382267149|558062557455,7,7,0,8,3,5,8,3,1,3,7,4,5,6,3
v1|286836094462|0,6,8,9,7,2,4,6,4,0,4,6,3,0,11,5
v1|376860827683|0,8,1,5,3,7,10,3,8,8,8,2,6,8,4,10
v1|186757643863|0,11,9,6,9,9,3,9,2,9,2,10,9,10,5,4
v1|317559736290|0,4,6,2,0,4,6,5,5,4,5,5,2,3,2,6
v1|336166219391|0,5,2,4,1,5,1,7,6,5,6,4,8,4,0,2
v1|406792878280|0,2,3,10,5,1,0,0,11,2,11,0,0,2,8,1
v1|186747185991|0,9,10,1,10,8,2,10,1,10,1,8,10,9,1,0
v1|336277276030|0,1,0,3,2,6,11,4,7,11,7,3,7,6,3,11
v1|389641603681|0,0,5,7,6,10,9,2,9,6,9,11,5,7,9,9
v1|147214484721|0,10,11,8,11,11,7,11,0,7,0,9,11,11,7,7
v1|406309019614|0,6,9,10,11,8,6,8,10,11,10,11,7,4,10,9
v1|168207794077|0,0,7,1,4,3,4,7,3,0,3,1,4,2,5,4
v1|168096392334|0,9,11,6,1,10,7,10,2,6,2,3,10,6,9,6
v1|336426370962|0,5,2,0,3,0,3,1,7,7,7,10,2,7,4,2
v1|147188782350|0,11,1,5,2,2,8,11,1,9,1,2,11,11,3,7
v1|403450544759|0,0,0,3,10,11,2,0,8,10,8,0,1,5,2,1
v1|226968913700|0,8,3,2,8,5,1,5,6,8,6,5,3,0,1,3
v1|174408225554|473609908288,7,4,4,7,1,0,6,5,2,5,6,8,1,0,0
v1|168230123050|0,0,10,8,5,4,10,9,4,3,4,9,9,9,7,10
v1|115102098016|0,10,5,9,0,9,11,2,0,5,0,7,5,10,6,11
v1|406721707838|0,0,8,11,6,7,9,3,11,1,11,4,6,8,11,8
v1|406206790865|0,0,6,7,9,6,5,4,9,4,9,8,0,3,8,5
v1|353482403252|0,0,6,9,4,0,9,3,8,2,9,1,5,7,10,6
v1|358034074363|0,3,4,8,2,8,8,1,10,7,10,0,3,6,8,0
v1|317980219990|0,6,7,10,3,11,11,5,6,10,6,9,7,10,11,9
v1|358097486831|0,2,3,7,7,9,7,0,11,1,4,10,2,5,7,8
v1|236706212508|0,5,9,5,1,7,6,7,4,0,5,3,0,4,5,10
v1|227261519087|0,11,10,3,9,5,1,8,3,9,3,4,1,9,6,1
v1|356487687981|0,4,5,6,6,6,5,2,9,6,11,7,4,3,4,5
v1|177794977333|0,1,11,0,0,1,0,11,0,4,0,6,11,0,1,2
v1|317857734571|0,10,8,11,8,10,10,6,5,8,7,5,8,8,9,7
v1|318009685807|0,7,0,4,11,2,3,4,7,3,8,11,6,1,2,3
v1|227114397377|0,8,1,2,5,4,2,9,2,5,2,2,9,2,3,4
v1|188050237016|0,9,2,1,10,3,4,10,1,11,1,8,10,11,0,11
v1|387227360267|0,11,1,5,7,5,3,1,8,4,10,1,1,3,5,2
v1|147165527023|0,10,11,0,9,0,2,11,0,6,2,10,11,8,9,1
v1|326945784040|0,5,5,1,8,1,7,5,4,0,6,5,5,2,10,6
v1|326948647950|0,6,4,2,10,3,8,4,5,3,7,3,4,9,11,7
v1|387421745676|0,2,0,4,4,8,4,0,10,5,11,0,0,4,6,4
v1|335498735238|0,4,3,10,6,4,6,3,7,7,8,2,3,5,7,5
v1|177973779959|0,9,7,3,3,11,11,7,6,10,4,7,7,7,0,9
v1|147212858167|0,8,9,7,0,9,9,9,2,8,3,9,9,6,1,11
v1|272302125377|0,7,6,6,2,10,10,6,9,9,5,6,6,10,4,8
v1|336423279219|0,3,2,9,5,7,5,2,11,2,9,4,2,1,3,3
v1|168171028818|0,0,8,11,1,2,0,8,3,1,0,8,8,0,2,10
v1|147167277848|0,1,10,8,11,6,1,10,1,11,1,11,10,11,8,0
v1|267566092002|567382656457,8,8,8,1,10,11,8,4,10,3,5,9,9,11,9
v1|206160224271|0,9,10,0,10,3,1,10,1,9,1,7,8,8,1,1
v1|287225258009|0,4,3,5,9,2,0,3,8,7,8,8,3,1,0,0
v1|397750134679|0,5,0,1,8,11,2,0,11,11,11,9,0,0,2,2
v1|277554559845|2560628494912,7,6,10,4,5,8,6,3,3,5,11,6,6,10,7
v1|277684720280|2560704334962,6,5,7,5,8,7,5,6,6,6,10,5,7,9,6
v1|286948925160|588982670334,0,4,11,3,7,5,4,7,0,7,2,4,2,8,5
v1|336495734343|0,1,1,6,11,4,3,1,10,1,10,1,1,3,7,4
v1|257221801861|557872535763,10,9,4,6,6,9,9,2,4,2,0,10,10,6,10
v1|267614687988|567427422172,3,7,3,2,0,6,7,5,2,4,4,7,5,5,8
v1|298130822274|0,2,2,2,7,9,4,2,9,8,9,3,2,4,3,3
v1|157722887133|459174396723,11,11,9,0,1,10,11,0,5,0,6,11,11,4,11
v1|266650820300|566401887387,3,2,1,2,4,3,8,3,4,4,8,8,3,1,0
v1|377014044320|645521135424,5,8,5,9,7,6,5,6,11,6,6,5,8,4,7
v1|147135963271|445616775985,4,3,3,0,5,5,11,0,9,0,9,11,7,3,10
v1|405273030223|675414595539,0,4,0,0,3,0,0,10,1,10,0,2,0,6,2
v1|188116849588|695749125093,11,11,11,10,11,11,9,2,5,2,10,9,11,11,11
v1|358157617866|626502278060,9,5,9,7,6,10,6,5,8,5,1,6,9,9,8
v1|147150492710|445626222808,10,10,4,8,1,4,10,1,10,1,11,10,10,2,9
v1|266652191780|566403256120,2,9,2,4,0,2,7,4,3,3,7,7,2,0,1
v1|388856941729|655989730918,7,0,8,5,8,7,3,7,6,8,3,3,5,7,5
v1|388856863562|655989801958,8,1,7,6,9,8,4,8,7,7,2,4,6,8,6
v1|397694691287|666025200099,1,7,6,1,2,1,2,9,0,9,5,0,1,5,4
v1|406760761736|676995113895,6,6,10,11,10,9,1,11,2,11,4,1,4,10,3
v1|363842799673|633068248509,1,0,0,4,1,5,0,6,2,3,4,7,2,2,5
v1|227253964868|0,4,1,4,2,7,8,3,3,7,4,2,0,9,7,2
v1|366296684358|0,8,4,10,1,9,10,4,9,0,9,3,3,6,8,10
v1|257186692871|0,9,9,2,10,2,1,8,4,5,5,10,9,8,4,0
v1|355016934130|624290499093,0,7,1,3,8,3,7,5,3,7,5,8,1,1,4
v1|177982284608|0,10,11,9,11,10,2,11,0,4,0,8,10,11,5,1
v1|364179720708|633632658176,2,6,8,6,3,4,6,7,10,6,1,6,0,3,3
v1|366284155968|0,7,5,6,7,6,7,5,8,6,8,0,5,7,9,7
v1|226657466086|525836610970,3,2,3,0,0,0,9,2,8,2,6,4,3,0,6
v1|406791203220|0,5,3,5,9,4,6,1,11,1,11,9,1,4,6,8
v1|387306802535|0,6,8,11,8,5,9,2,10,11,10,11,2,5,10,9
v1|198199549105|0,11,10,7,5,11,11,10,1,9,1,7,11,10,11,11
v1|277028382377|0,8,5,9,7,6,7,2,9,5,9,2,2,6,8,7
v1|188197397873|0,7,4,7,10,5,0,8,4,4,3,7,8,5,11,0
v1|226718093307|525887655599,6,0,6,1,4,3,6,5,1,5,6,6,3,1,4
v1|168196386495|0,5,9,3,0,1,10,9,1,2,2,9,9,9,6,10
v1|136271095333|0,0,11,0,2,2,4,11,0,11,0,10,11,11,0,6
v1|267555676912|0,9,6,10,4,7,8,4,7,6,7,4,3,7,9,8
v1|157759438338|0,11,10,8,11,11,11,10,3,10,1,11,10,10,7,11
v1|257325633930|0,10,7,11,3,8,9,5,6,7,6,5,4,8,10,9
v1|205901675296|0,4,8,4,9,3,6,7,2,9,4,8,7,4,4,5
v1|274801636366|0,3,3,5,6,10,5,3,8,8,8,3,5,2,5,3
v1|297961017129|0,1,2,2,5,0,1,1,10,0,10,1,1,0,2,1
v1|306390501440|0,2,1,1,8,9,2,0,11,3,11,0,0,1,3,2
v1|267439915402|567217620414,9,6,9,2,9,10,6,5,11,6,6,6,8,8,10
v1|187755913297|0,5,7,3,8,3,5,7,4,8,3,7,7,9,7,2
v1|127733429896|0,11,9,0,10,2,6,9,2,9,1,11,8,11,5,4
v1|356701729095|0,0,2,1,6,0,0,2,9,4,10,2,2,4,0,0
v1|127635169383|0,6,10,7,9,8,4,10,1,10,4,9,9,10,6,1
v1|267612637780|0,8,4,11,0,6,9,4,7,6,8,4,4,6,10,9
v1|397735781108|0,1,0,4,3,1,0,0,11,2,0,0,0,0,1,6
v1|298144825238|0,7,3,5,4,11,7,3,8,5,9,3,3,5,9,7
v1|267560889888|567378039433,4,5,6,5,5,8,5,6,7,7,5,5,7,2,8
v1|377056102904|0,3,1,2,7,4,0,1,10,3,11,1,1,3,3,5
v1|134286977442|433740195066,10,8,10,1,7,11,8,3,0,5,8,10,1,11,11
v1|116834961346|0,2,11,8,11,10,2,11,0,1,2,10,11,2,4,3
v1|375368207783|644438879035,2,1,6,11,3,3,1,10,4,10,1,3,2,3,0
v1|126667921346|0,10,11,3,0,7,4,10,0,6,0,11,7,7,7,7
v1|146682932199|0,7,7,9,8,10,8,7,4,8,4,7,8,9,9,8
v1|134025158664|433470672633,9,9,4,9,6,10,9,2,10,2,9,10,11,11,10
v1|186481722477|0,1,6,8,6,4,5,5,6,7,6,3,5,0,5,4
v1|358362969381|626614277091,3,3,5,7,5,7,3,8,5,8,4,2,6,4,3
v1|358362969200|626614303233,5,4,11,10,9,1,4,7,1,7,6,0,1,2,2
v1|366127859417|635964879370,0,2,0,4,1,0,2,9,0,9,2,4,3,6,1
v1|147192825253|445652254543,6,5,2,3,2,6,6,5,2,5,5,6,5,1,6
v1|397500141890|665889606342,4,0,1,5,0,2,0,11,3,11,0,1,4,0,5
v1|126776006470|0,11,10,10,1,11,11,11,1,11,1,10,11,8,8,11
v1|136085507803|0,8,8,7,2,8,9,8,3,9,3,8,9,10,10,9
v1|175427973327|0,1,10,0,1,0,1,10,0,1,0,1,10,11,0,0
v1|293450532259|0,3,7,4,4,3,3,7,4,6,4,3,8,6,3,3
v1|314650766864|0,11,0,10,10,9,10,4,10,5,10,10,3,3,10,10
v1|314650766638|0,10,1,9,9,8,9,5,9,7,9,9,5,4,9,9
v1|186466732256|0,2,11,1,2,2,2,11,1,2,1,0,11,5,2,1
v1|312806791771|0,9,5,6,6,5,6,6,6,11,6,5,7,10,6,7
v1|315219594693|0,7,2,11,11,10,11,0,11,8,11,11,4,7,11,6
v1|312974556935|0,5,4,7,7,6,7,3,7,4,7,7,1,1,7,5
v1|286173737993|588288613522,0,8,3,0,1,0,8,3,0,3,2,0,0,1,2
v1|195750337218|0,8,9,2,3,11,4,9,2,10,2,6,9,9,4,11
v1|312799653207|0,4,6,5,5,4,5,1,5,3,5,4,2,2,5,4
v1|312974556938|0,6,3,8,8,7,8,2,8,9,8,8,6,8,8,8
v1|231476591246|0,7,4,3,8,6,5,4,7,8,7,4,4,7,4,5
v1|231451965223|0,8,8,7,3,2,2,8,3,2,3,8,8,1,1,2
v1|231460407279|0,9,6,2,11,5,6,6,5,11,5,6,6,11,3,6
v1|233533999243|0,4,3,6,6,8,9,3,8,6,8,3,3,5,5,10
v1|221680752966|0,2,10,0,5,1,1,10,1,4,1,10,10,3,8,1
v1|221658033420|0,11,11,11,2,0,0,11,0,1,0,11,11,8,10,0
v1|331447494380|0,1,0,10,0,11,8,0,11,5,11,0,0,4,11,8
v1|231451966327|0,6,7,1,7,4,4,7,4,7,4,7,7,6,2,4
v1|230960141018|0,10,9,5,4,3,3,9,2,3,2,9,9,2,0,3
v1|331447392149|0,3,1,9,10,10,11,1,10,10,10,1,1,10,7,11
v1|331181667909|0,0,2,4,1,7,7,2,9,0,9,2,2,0,6,7
v1|231461319603|0,5,5,8,9,9,10,5,6,9,6,5,5,9,9,9
